ID PNCP,Ano,Número Sequencial,Número Controle PNCP,CNPJ Órgão,Nome Órgão,Código Unidade,Nome Unidade,Esfera Nome,Poder Nome,Município Nome,UF,Modalidade,Data Publicação PNCP,Início Vigência,Fim Vigência,Cancelado,Título Arquivo,URI Arquivo,Nomes Arquivos,Tipo ID,Tipo Nome,Item URL
a9b0f64b61b5d95a0694cf4deac7160e,2021,11,10882594000165-1-000011/2021,10882594000165,"INSTITUTO FEDERAL DE EDUCACAO, CIENCIA E TECNOLOGIA DE SAO PAULO",158154,"INST.FED.DE EDUC.,CIENC.E TEC.DE SÃO PAULO",Federal,Executivo,São Paulo,SP,Dispensa de Licitação,"2021-11-09T07:02:52,807",2021-11-09T08:00,2021-11-12T17:00,False,Termo de Referencia Placas de Policarbonato,https://pncp.gov.br/pncp-api/v1/orgaos/10882594000165/compras/2021/11/arquivos/1,Termo de Referencia Placas de Policarbonato.pdf,2,Aviso de Contratação Direta,https://pncp.gov.br/app/editais/10882594000165/2021/11
85823995c4b04227d5725e3837f2f541,2021,57,01263896000164-1-000057/2021,1263896000164,"MINISTERIO DA CIENCIA, TECNOLOGIA E INOVACOES",240106,INSTIT.NAC.DE PESQ.ESPACIAIS-S.J.CAMPOS - MCT,Federal,Executivo,São José dos Campos,SP,Dispensa de Licitação,"2021-11-11T07:02:30,427",2021-11-11T08:00,2021-11-16T14:00,False,ANEXO I 135,https://pncp.gov.br/pncp-api/v1/orgaos/01263896000164/compras/2021/57/arquivos/1,"ANEXO I 135.zip, - EDITAL 135.pdf, ANEXO I 135.pdf, PROJETO B╡SICO 135.pdf",2,Aviso de Contratação Direta,https://pncp.gov.br/app/editais/01263896000164/2021/57
22a88ea549ef6a3c04284fed5caf191a,2021,46,00396895000125-1-000046/2021,396895000125,"MINISTERIO DA AGRICULTURA, PECUARIA E ABASTECIMENTO",130102,LABORATÓRIO FED. DE DEFESA AGROPECUÁRIA/SP,Federal,Executivo,Campinas,SP,Dispensa de Licitação,"2021-12-16T07:00:46,054",2021-12-16T08:00,2021-12-21T14:00,False,SEI_21043.001261_2021_53,https://pncp.gov.br/pncp-api/v1/orgaos/00396895000125/compras/2021/46/arquivos/1,SEI_21043.001261_2021_53.pdf,2,Aviso de Contratação Direta,https://pncp.gov.br/app/editais/00396895000125/2021/46
4ac1dc4195b9b877ee7f8ed4c2f2507e,2021,109,00394429000100-1-000109/2021,394429000100,COMANDO DA AERONAUTICA,120016,GRUPAMENTO DE APOIO DE SÃO JOSÉ DOS CAMPOS,Federal,Executivo,São José dos Campos,SP,Dispensa de Licitação,"2021-10-21T07:01:15,829",2021-10-21T08:00,2021-10-26T14:00,False,2602021 - IFI - AQUISICAO DE 3 (TRES) FRAGMENTADORA E TRITURADORA DE PAPEL,https://pncp.gov.br/pncp-api/v1/orgaos/00394429000100/compras/2021/109/arquivos/1,"2602021 - IFI - AQUISICAO DE 3 (TRES) FRAGMENTADORA E TRITURADORA DE PAPEL.zip, Anexo II - Projeto Básico.pdf, Aviso de Dispensa Eletrônica 2602021 assinado.pdf",2,Aviso de Contratação Direta,https://pncp.gov.br/app/editais/00394429000100/2021/109
7645224caf8926f581caf60b79e4310a,2021,14,10898596000142-1-000014/2021,10898596000142,INSTITUTO BRASILEIRO DE MUSEUS - IBRAM,343018,MUSEU DA REPUBLICA/RJ,Federal,Executivo,Rio de Janeiro,RJ,Dispensa de Licitação,"2021-11-09T07:00:35,260",2021-11-09T08:00,2021-11-18T14:00,False,Projeto Basico - Museu Palacio Rio Negro -  Extintores de Incendio,https://pncp.gov.br/pncp-api/v1/orgaos/10898596000142/compras/2021/14/arquivos/1,Projeto Basico - Museu Palacio Rio Negro -  Extintores de Incendio.pdf,2,Aviso de Contratação Direta,https://pncp.gov.br/app/editais/10898596000142/2021/14
a3239b38e805d544a5ed64403898b03b,2021,49,33663683000116-1-000049/2021,33663683000116,UNIVERSIDADE FEDERAL DO RIO DE JANEIRO,158223,FACULDADE NACIONAL DE DIREITO DA UFRJ,Federal,Executivo,Rio de Janeiro,RJ,Dispensa de Licitação,"2021-10-18T06:00:22,583",2021-10-18T08:00,2021-10-26T17:59,False,Portas Blindex- Termo de Referencia,https://pncp.gov.br/pncp-api/v1/orgaos/33663683000116/compras/2021/49/arquivos/1,Portas Blindex- Termo de Referencia.pdf,2,Aviso de Contratação Direta,https://pncp.gov.br/app/editais/33663683000116/2021/49
f0c836a7206582e395c505c9f925629a,2022,7,87252045000131-1-000007/2022,87252045000131,ESTADO DE TOCANTINS,928925,ASSOCIAÇÃO E.C.C.E.P.J.B. CORD.DE ARRAIAS/TO,Estadual,Executivo,Arraias,TO,Dispensa de Licitação,"2022-02-25T13:33:14,701",2022-02-25T13:33:06,2022-03-04T07:59:59,False,Termo de referencia da dispensa de licitacao 001 2022,https://pncp.gov.br/pncp-api/v1/orgaos/87252045000131/compras/2022/7/arquivos/1,Termo de referencia da dispensa de licitacao 001 2022.pdf,2,Aviso de Contratação Direta,https://pncp.gov.br/app/editais/87252045000131/2022/7
ad210c5863441225577cfdc94c07da9d,2022,1,10764307000112-1-000001/2022,10764307000112,"INSTITUTO FEDERAL DE EDUCACAO, CIENCIA E TECNOLOGIA DA BAHIA",158404,INST.FED.DE EDUC.TEC BAHIA/CAMPUS BARREIRAS,Federal,Executivo,Barreiras,BA,Dispensa de Licitação,"2022-02-06T15:49:35,637",2022-02-06T15:49:35,2022-02-10T07:59:59,False,Dispensa 01-2022 IFBA Brrs,https://pncp.gov.br/pncp-api/v1/orgaos/10764307000112/compras/2022/1/arquivos/1,Dispensa 01-2022 IFBA Brrs.rar,2,Aviso de Contratação Direta,https://pncp.gov.br/app/editais/10764307000112/2022/1
0a9bb23d66bc62b82bc4b1071c223928,2021,1608,00394452000103-1-001608/2021,394452000103,COMANDO DO EXERCITO,160293,CMDO DA 1 BRIG.DE ARTILHARIA ANTI-AEREA,Federal,Executivo,Guarujá,SP,Dispensa de Licitação,"2021-11-10T11:10:40,043",2021-11-10T11:10:39,2021-11-10T11:10:39,False,,,,2,Aviso de Contratação Direta,https://pncp.gov.br/app/editais/00394452000103/2021/1608
7d37f6ddd7748f6de5bcb9416c5deefc,2021,87,00394494000136-1-000087/2021,394494000136,MINISTERIO DA JUSTICA E SEGURANCA PUBLICA,200603,PENITENCIÁRIA FEDERAL EM PORTO VELHO - RO,Federal,Executivo,Porto Velho,RO,Dispensa de Licitação,"2021-12-14T07:00:47,399",2021-12-14T08:00,2021-12-17T14:00,False,SEI_MJ - 16669359 - AVISO BARBEADORES,https://pncp.gov.br/pncp-api/v1/orgaos/00394494000136/compras/2021/87/arquivos/1,SEI_MJ - 16669359 - AVISO BARBEADORES.pdf,2,Aviso de Contratação Direta,https://pncp.gov.br/app/editais/00394494000136/2021/87
74b9d9dabbe8bd7e12effe882b317c73,2021,2091,00394452000103-1-002091/2021,394452000103,COMANDO DO EXERCITO,160395,COMANDO DO COMANDO MILITAR DO SUL/RS,Federal,Executivo,Porto Alegre,RS,Dispensa de Licitação,"2021-11-26T11:33:40,255",2021-11-26T11:33:40,2021-11-26T11:33:40,False,,,,2,Aviso de Contratação Direta,https://pncp.gov.br/app/editais/00394452000103/2021/2091
12c652dc8e362b78c2c57c3484516746,2021,991,00394452000103-1-000991/2021,394452000103,COMANDO DO EXERCITO,160501,MUSEU HISTORICO DO EX. FORTE COPACABANA/RJ,Federal,Executivo,Rio de Janeiro,RJ,Dispensa de Licitação,"2021-10-14T07:00:51,281",2021-10-14T08:00,2021-10-19T14:00,False,Processo Completo,https://pncp.gov.br/pncp-api/v1/orgaos/00394452000103/compras/2021/991/arquivos/1,Processo Completo.pdf,2,Aviso de Contratação Direta,https://pncp.gov.br/app/editais/00394452000103/2021/991
c96955bf6beb6a6e0117f2a625adaa18,2022,5,33663683000116-1-000005/2022,33663683000116,UNIVERSIDADE FEDERAL DO RIO DE JANEIRO,153161,FORUM DE CIENCIA E CULTURA DA UFRJ,Federal,Executivo,Rio de Janeiro,RJ,Dispensa de Licitação,"2022-01-26T13:18:08,047",2022-01-26T13:18:06,2022-02-03T07:59:59,False,DE 02-2022-UASG153161,https://pncp.gov.br/pncp-api/v1/orgaos/33663683000116/compras/2022/5/arquivos/1,DE 02-2022-UASG153161.pdf,2,Aviso de Contratação Direta,https://pncp.gov.br/app/editais/33663683000116/2022/5
b32807955dbf4a96c37174a3ff051ab8,2022,9,33781055000135-1-000009/2022,33781055000135,FUNDACAO OSWALDO CRUZ,254450,ESCOLA NAC. DE SAÚDE PÚBLICA SÉRGIO AROUCA,Federal,Executivo,Rio de Janeiro,RJ,Dispensa de Licitação,"2022-03-10T14:37:17,495",,,False,Proposta Banco de Precos,https://pncp.gov.br/pncp-api/v1/orgaos/33781055000135/compras/2022/9/arquivos/1,Proposta Banco de Precos.pdf,3,Ato de Contratação Direta,https://pncp.gov.br/app/editais/33781055000135/2022/9
c58d8e30e774bd4105820e07973f99e1,2021,116,00348003000110-1-000116/2021,348003000110,EMPRESA BRASILEIRA DE PESQUISA AGROPECUARIA,135005,EMBRAPA RORAIMA/BOA VISTA/RR,Federal,Executivo,Boa Vista,RR,Dispensa de Licitação,"2021-10-08T07:00:36,595",2021-10-08T08:00,2021-10-14T14:00,False,SEI_EMBRAPA - 6010081 - Termo de Referencia,https://pncp.gov.br/pncp-api/v1/orgaos/00348003000110/compras/2021/116/arquivos/1,SEI_EMBRAPA - 6010081 - Termo de Referencia.pdf,2,Aviso de Contratação Direta,https://pncp.gov.br/app/editais/00348003000110/2021/116
363cdf326145d53b8b319c7b0a2a88de,2021,272,00394429000100-1-000272/2021,394429000100,COMANDO DA AERONAUTICA,120633,GRUPAMENTO DE APOIO DE SÃO PAULO,Federal,Executivo,São Paulo,SP,Dispensa de Licitação,"2021-11-22T07:01:39,656",2021-11-22T08:00,2021-11-25T14:00,False,Dispensa Eletronica n 105-2021,https://pncp.gov.br/pncp-api/v1/orgaos/00394429000100/compras/2021/272/arquivos/1,"Dispensa Eletronica n 105-2021.zip, Aviso de Dispensa Eletrônica nº105-2021.pdf, Termo de Referência.pdf",2,Aviso de Contratação Direta,https://pncp.gov.br/app/editais/00394429000100/2021/272
1e2810ffbfec334ca1a9cb1c7d32d051,2021,30,10744098000145-1-000030/2021,10744098000145,"INSTITUTO FEDERAL DE EDUCACAO, CIENCIA E TECNOLOGIA DO CEARA",158320,INST.FED.DO CEARA/CAMPUS IGUATU,Federal,Executivo,Iguatu,CE,Dispensa de Licitação,"2021-12-24T07:00:24,273",2021-12-24T08:00,2021-12-30T14:00,False,TR + Modelo da proposta,https://pncp.gov.br/pncp-api/v1/orgaos/10744098000145/compras/2021/30/arquivos/1,TR + Modelo da proposta.pdf,2,Aviso de Contratação Direta,https://pncp.gov.br/app/editais/10744098000145/2021/30
3948a244d07db1abc9dccbb3121c49d5,2021,566,00394452000103-1-000566/2021,394452000103,COMANDO DO EXERCITO,160165,8. DEPOSITO DE SUPRIMENTO,Federal,Executivo,Belém,PA,Dispensa de Licitação,"2021-09-21T07:01:31,956",2021-09-21T08:00,2021-09-24T14:00,False,MINISTERIO DA DEFESA,https://pncp.gov.br/pncp-api/v1/orgaos/00394452000103/compras/2021/566/arquivos/1,MINISTERIO DA DEFESA.pdf,2,Aviso de Contratação Direta,https://pncp.gov.br/app/editais/00394452000103/2021/566
63ce372a02c9bd9b09889b290181feb9,2021,25,00394502000144-1-000025/2021,394502000144,COMANDO DA MARINHA,783330,CAPITANIA DOS PORTOS DA PARAÍBA,Federal,Executivo,João Pessoa,PB,Dispensa de Licitação,"2021-08-18T07:00:16,898",2021-08-18T08:00,2021-08-23T14:00,False,PROJETOBASICOIMOBILIARIO,https://pncp.gov.br/pncp-api/v1/orgaos/00394502000144/compras/2021/25/arquivos/1,PROJETOBASICOIMOBILIARIO.pdf,2,Aviso de Contratação Direta,https://pncp.gov.br/app/editais/00394502000144/2021/25
55bc939473fd1648b690001085b94f77,2021,86,00394452000103-1-000086/2021,394452000103,COMANDO DO EXERCITO,160250,1 BATALHAO DE COMUNICACOES DIVISIONARIO/RS,Federal,Executivo,Santo Ângelo,RS,Dispensa de Licitação,"2021-08-20T07:00:43,898",2021-08-20T08:00,2021-08-25T14:00,False,Termo de Referencia dispensa 123,https://pncp.gov.br/pncp-api/v1/orgaos/00394452000103/compras/2021/86/arquivos/1,Termo de Referencia dispensa 123.pdf,2,Aviso de Contratação Direta,https://pncp.gov.br/app/editais/00394452000103/2021/86
e36cd86d7d094384d787cf8da7de4c82,2021,414,00394452000103-1-000414/2021,394452000103,COMANDO DO EXERCITO,160336,DIRETORIA DE FABRICAÇÃO,Federal,Executivo,Rio de Janeiro,RJ,Dispensa de Licitação,"2021-09-10T07:04:08,186",2021-09-10T08:00,2021-09-15T14:00,False,Requisicao n 3 Esc DCT - camara para videoconferencia,https://pncp.gov.br/pncp-api/v1/orgaos/00394452000103/compras/2021/414/arquivos/1,Requisicao n 3 Esc DCT - camara para videoconferencia.pdf,2,Aviso de Contratação Direta,https://pncp.gov.br/app/editais/00394452000103/2021/414
b6a8a6c05c1319289f628e8300d3642a,2021,300,00394429000100-1-000300/2021,394429000100,COMANDO DA AERONAUTICA,120023,BASE AEREA DE SALVADOR,Federal,Executivo,Salvador,BA,Dispensa de Licitação,"2021-11-24T07:01:16,681",2021-11-24T08:00,2021-12-01T14:00,False,59.2021 MATERIAL DE CONSUMO ODONTOLOGICO,https://pncp.gov.br/pncp-api/v1/orgaos/00394429000100/compras/2021/300/arquivos/1,"59.2021 MATERIAL DE CONSUMO ODONTOLOGICO.zip, termo_de_referencia_2021 _2_.pdf, Aviso de Dispensa Eletrônica 059.pdf",2,Aviso de Contratação Direta,https://pncp.gov.br/app/editais/00394429000100/2021/300
b2b1dab93babe49169adfce5af357474,2021,86,00402552000126-1-000086/2021,402552000126,COMISSAO NACIONAL DE ENERGIA NUCLEAR,113202,COMISSAO NACIONAL DE ENERGIA NUCLEAR,Federal,Executivo,São Paulo,SP,Dispensa de Licitação,"2021-12-06T07:01:38,259",2021-12-06T08:00,2021-12-09T14:00,False,Termo de Referencia,https://pncp.gov.br/pncp-api/v1/orgaos/00402552000126/compras/2021/86/arquivos/1,Termo de Referencia.pdf,2,Aviso de Contratação Direta,https://pncp.gov.br/app/editais/00402552000126/2021/86
685e1034a9ba6fdc46b7741f7c7bef98,2021,1455,00394452000103-1-001455/2021,394452000103,COMANDO DO EXERCITO,160379,9 BATALHAO DE INFANTARIA MOTORIZADO/RS,Federal,Executivo,Pelotas,RS,Dispensa de Licitação,"2021-11-04T07:01:18,675",2021-11-04T08:00,2021-11-09T14:00,False,bombas de combustivel,https://pncp.gov.br/pncp-api/v1/orgaos/00394452000103/compras/2021/1455/arquivos/1,bombas de combustivel.pdf,2,Aviso de Contratação Direta,https://pncp.gov.br/app/editais/00394452000103/2021/1455
fc315962aeb696c34f66560e31dba782,2021,440,00394452000103-1-000440/2021,394452000103,COMANDO DO EXERCITO,160480,5 CIRCUNSCRICAO DE SERVICO MILITAR,Federal,Executivo,Ribeirão Preto,SP,Dispensa de Licitação,"2021-09-13T07:01:33,609",2021-09-13T08:00,2021-09-16T16:00,False,Aviso de Dispensa Eletronica - PA 82-2021 DI 101,https://pncp.gov.br/pncp-api/v1/orgaos/00394452000103/compras/2021/440/arquivos/1,Aviso de Dispensa Eletronica - PA 82-2021 DI 101.pdf,2,Aviso de Contratação Direta,https://pncp.gov.br/app/editais/00394452000103/2021/440
4e7faf2c95caefe7915d3de5c3a45e93,2022,255,00394502000144-1-000255/2022,394502000144,COMANDO DA MARINHA,751200,GRUPAMENTO DE NAVIOS HIDROCEANOGRAFICOS,Federal,Executivo,Niterói,RJ,Dispensa de Licitação,"2022-03-07T17:30:06,802",2022-03-07T17:30:05,2022-03-10T07:59:59,False,ADE_15_2022,https://pncp.gov.br/pncp-api/v1/orgaos/00394502000144/compras/2022/255/arquivos/1,ADE_15_2022.pdf,2,Aviso de Contratação Direta,https://pncp.gov.br/app/editais/00394502000144/2022/255
2a125f885646870a84120a8ac82b0bcd,2021,307,00348003000110-1-000307/2021,348003000110,EMPRESA BRASILEIRA DE PESQUISA AGROPECUARIA,135011,EMBRAPA ALGODAO/CAMPINA GRANDE/PB,Federal,Executivo,Campina Grande,PB,Dispensa de Licitação,"2021-11-29T07:00:32,569",2021-11-29T08:00,2021-12-02T14:00,False,Termo de Referencia,https://pncp.gov.br/pncp-api/v1/orgaos/00348003000110/compras/2021/307/arquivos/1,Termo de Referencia.pdf,2,Aviso de Contratação Direta,https://pncp.gov.br/app/editais/00348003000110/2021/307
58eb8ee88c7b59d9f7bace84405c4a81,2021,330,15126437000143-1-000330/2021,15126437000143,EMPRESA BRASILEIRA DE SERVIÇOS HOSPITALARES,155021,HOSPITAL DAS CLÍNICAS DE MINAS GERAIS,Federal,Executivo,Belo Horizonte,MG,Dispensa de Licitação,"2021-12-20T07:00:57,083",2021-12-20T08:00,2021-12-23T14:00,False,PROJETO BASICO,https://pncp.gov.br/pncp-api/v1/orgaos/15126437000143/compras/2021/330/arquivos/1,PROJETO BASICO.pdf,2,Aviso de Contratação Direta,https://pncp.gov.br/app/editais/15126437000143/2021/330
47fe79a6ca17970797539ffa89cba15a,2021,8,82951229000176-1-000008/2021,82951229000176,ESTADO DE SANTA CATARINA,925045,TRIBUNAL DE JUSTIÇA DO EST. DE SANTA CATARINA,Estadual,Não se aplica,Florianópolis,SC,Dispensa de Licitação,"2021-10-21T07:00:46,831",2021-10-21T08:00,2021-10-26T17:00,False,Anexo 43_2021,https://pncp.gov.br/pncp-api/v1/orgaos/82951229000176/compras/2021/8/arquivos/1,Anexo 43_2021.docx,2,Aviso de Contratação Direta,https://pncp.gov.br/app/editais/82951229000176/2021/8
f17a7be46a87e4a37b8445ca8355393f,2021,341,15126437000143-1-000341/2021,15126437000143,EMPRESA BRASILEIRA DE SERVIÇOS HOSPITALARES,155906,MATERNIDADE CLIMÉRIO DE OLIVEIRA,Federal,Executivo,Salvador,BA,Dispensa de Licitação,"2021-12-24T07:00:22,706",2021-12-24T08:00,2022-01-03T14:00,False,Termo de Referencia e anexos,https://pncp.gov.br/pncp-api/v1/orgaos/15126437000143/compras/2021/341/arquivos/1,Termo de Referencia e anexos.pdf,2,Aviso de Contratação Direta,https://pncp.gov.br/app/editais/15126437000143/2021/341
5f14ebfe2d4dfe5d3216790bf0353279,2022,303,00394452000103-1-000303/2022,394452000103,COMANDO DO EXERCITO,160291,CENTRO TECNOLOGICO DO EXERCITO/RJ,Federal,Executivo,Rio de Janeiro,RJ,Dispensa de Licitação,"2022-02-18T09:18:48,270",2022-02-18T09:18:47,2022-02-23T07:59:59,False,TERMO DE REFERENCIA 04.2022,https://pncp.gov.br/pncp-api/v1/orgaos/00394452000103/compras/2022/303/arquivos/1,TERMO DE REFERENCIA 04.2022.pdf,2,Aviso de Contratação Direta,https://pncp.gov.br/app/editais/00394452000103/2022/303
394593abd998b4c2671b4e9fd1fd6803,2021,2192,00394452000103-1-002192/2021,394452000103,COMANDO DO EXERCITO,160415,DEPOSITO DE SUBSISTENCIA SANTA MARIA/RS,Federal,Executivo,Santa Maria,RS,Dispensa de Licitação,"2021-12-01T07:01:05,010",2021-12-01T08:00,2021-12-09T14:00,False,Termo de referencia da dispensa eletronica n 37.2021,https://pncp.gov.br/pncp-api/v1/orgaos/00394452000103/compras/2021/2192/arquivos/1,Termo de referencia da dispensa eletronica n 37.2021.pdf,2,Aviso de Contratação Direta,https://pncp.gov.br/app/editais/00394452000103/2021/2192
e6f3199684e0284194e34c292a622413,2021,60,46379400000150-1-000060/2021,46379400000150,ESTADO DE SAO PAULO,925002,PMSP - SUBPREFEITURA SE,Estadual,Não se aplica,São Paulo,SP,Dispensa de Licitação,"2021-11-23T07:01:10,763",2021-11-23T08:00,2021-11-26T15:00,False,SEI_PMSP - 054813229 - Requisicao de Material,https://pncp.gov.br/pncp-api/v1/orgaos/46379400000150/compras/2021/60/arquivos/1,SEI_PMSP - 054813229 - Requisicao de Material.pdf,2,Aviso de Contratação Direta,https://pncp.gov.br/app/editais/46379400000150/2021/60
9399baec3cd1f9c27e6784d7e940f9ab,2021,20,00394494000136-1-000020/2021,394494000136,MINISTERIO DA JUSTICA E SEGURANCA PUBLICA,200600,PENITENCIÁRIA FEDERAL EM CAMPO GRANDE - MS,Federal,Executivo,Campo Grande,MS,Dispensa de Licitação,"2021-09-23T07:00:41,212",2021-09-23T08:00,2021-09-28T16:00,False,Aviso de Dispensa e Projeto Basico,https://pncp.gov.br/pncp-api/v1/orgaos/00394494000136/compras/2021/20/arquivos/1,Aviso de Dispensa e Projeto Basico.pdf,2,Aviso de Contratação Direta,https://pncp.gov.br/app/editais/00394494000136/2021/20
b4f5936dbb1061a484f609c26e7d0ebe,2021,430,00394502000144-1-000430/2021,394502000144,COMANDO DA MARINHA,791181,CENT.INTEND.DA MARINHA EM S.PEDRO DA ALDEIA,Federal,Executivo,São Pedro da Aldeia,RJ,Dispensa de Licitação,"2021-11-26T07:02:09,285",2021-11-26T08:00,2021-12-01T14:00,False,Aviso de Dispensa Eletronica mesa_cadeiras,https://pncp.gov.br/pncp-api/v1/orgaos/00394502000144/compras/2021/430/arquivos/1,Aviso de Dispensa Eletronica mesa_cadeiras.pdf,2,Aviso de Contratação Direta,https://pncp.gov.br/app/editais/00394502000144/2021/430
1f3dded7c69b85e3f28fe234593ba293,2021,42,10651417000178-1-000042/2021,10651417000178,"INSTITUTO FEDERAL DE EDUCACAO, CIENCIA E TECNOLOGIA GOIANO",158124,"INST.FED.DE EDUC., CIENCIA E TEC. GOIANO",Federal,Executivo,Goiânia,GO,Dispensa de Licitação,"2021-11-10T07:01:53,401",2021-11-10T08:00,2021-11-17T14:00,False,119,https://pncp.gov.br/pncp-api/v1/orgaos/10651417000178/compras/2021/42/arquivos/1,119.pdf,2,Aviso de Contratação Direta,https://pncp.gov.br/app/editais/10651417000178/2021/42
c8a23c22e878269a534d86ee93049e61,2021,151,15126437000143-1-000151/2021,15126437000143,EMPRESA BRASILEIRA DE SERVIÇOS HOSPITALARES,155914,EBSERH - FILIAL HOSP UNIV ALCIDES CARNEIRO,Federal,Executivo,Campina Grande,PB,Dispensa de Licitação,"2021-10-22T07:00:45,404",2021-10-22T08:00,2021-10-27T17:00,False,Termo de Referencia + Layout - DE 30.2021,https://pncp.gov.br/pncp-api/v1/orgaos/15126437000143/compras/2021/151/arquivos/1,Termo de Referencia + Layout - DE 30.2021.pdf,2,Aviso de Contratação Direta,https://pncp.gov.br/app/editais/15126437000143/2021/151
f96f8ba1808b7f50f9007d407affaf15,2021,2265,00394452000103-1-002265/2021,394452000103,COMANDO DO EXERCITO,160403,6 GRUPO DE ARTILHARIA DE CAMPANHA/RS,Federal,Executivo,Rio Grande,RS,Dispensa de Licitação,"2021-12-06T07:01:30,675",2021-12-06T08:00,2021-12-09T14:00,False,Termo Informatica,https://pncp.gov.br/pncp-api/v1/orgaos/00394452000103/compras/2021/2265/arquivos/1,Termo Informatica.odt,2,Aviso de Contratação Direta,https://pncp.gov.br/app/editais/00394452000103/2021/2265
776dc1d3bc99b499057e2544169e8231,2021,8,35840659000130-1-000008/2021,35840659000130,UNIVERSIDADE FEDERAL DE JATAI,156678,UNIVERSIDADE FEDERAL DE JATAI,Federal,Executivo,Jataí,GO,Dispensa de Licitação,"2021-09-27T07:00:15,780",2021-09-27T08:00,2021-09-30T16:00,False,AnexoComprasNet,https://pncp.gov.br/pncp-api/v1/orgaos/35840659000130/compras/2021/8/arquivos/1,AnexoComprasNet.pdf,2,Aviso de Contratação Direta,https://pncp.gov.br/app/editais/35840659000130/2021/8
3bc0aba0501b3ce05e41ce9073ec139c,2021,137,17217985000104-1-000137/2021,17217985000104,UNIVERSIDADE FEDERAL DE MINAS GERAIS,153279,ESCOLA DE ENFERMAGEM/UFMG,Federal,Executivo,Belo Horizonte,MG,Dispensa de Licitação,"2021-11-19T07:01:07,646",2021-11-19T08:00,2021-11-24T14:00,False,INSTRUCOES GERAIS + TERMO - DiE49.2021,https://pncp.gov.br/pncp-api/v1/orgaos/17217985000104/compras/2021/137/arquivos/1,INSTRUCOES GERAIS + TERMO - DiE49.2021.pdf,2,Aviso de Contratação Direta,https://pncp.gov.br/app/editais/17217985000104/2021/137
b629dda80314fe9d94b6b1c39ea1b67f,2021,76,00394429000100-1-000076/2021,394429000100,COMANDO DA AERONAUTICA,120016,GRUPAMENTO DE APOIO DE SÃO JOSÉ DOS CAMPOS,Federal,Executivo,São José dos Campos,SP,Dispensa de Licitação,"2021-10-13T07:01:36,577",2021-10-13T08:00,2021-10-18T14:00,False,2322021 - ES-SJ - AQUISICAO DE MATERIAIS HOSPITALARES PARA EMERGENCIA,https://pncp.gov.br/pncp-api/v1/orgaos/00394429000100/compras/2021/76/arquivos/1,2322021 - ES-SJ - AQUISICAO DE MATERIAIS HOSPITALARES PARA EMERGENCIA.rar,2,Aviso de Contratação Direta,https://pncp.gov.br/app/editais/00394429000100/2021/76
7434a3e2ad471ce289f91a690032dcfb,2021,16,18715615000160-1-000016/2021,18715615000160,ESTADO DE MINAS GERAIS,984069,PREFEITURA MUNICIPAL DE ARAGUARI,Estadual,Não se aplica,Araguari,MG,Dispensa de Licitação,"2021-12-14T07:00:51,596",2021-12-14T08:00,2021-12-17T14:00,False,TERMO DE REFERENCIA,https://pncp.gov.br/pncp-api/v1/orgaos/18715615000160/compras/2021/16/arquivos/1,TERMO DE REFERENCIA.pdf,2,Aviso de Contratação Direta,https://pncp.gov.br/app/editais/18715615000160/2021/16
08bef1a6f6e3436f62634daafa2c20db,2022,1,17005653000166-1-000001/2022,17005653000166,MUNICIPIO DE BELO ORIENTE,75,Unidade Única,Municipal,Não se aplica,Belo Oriente,MG,Pregão - Eletrônico,"2022-03-08T23:09:54,478",2022-02-22T16:13:52,2022-03-15T09:00,False,2856_28f630d825139d918d6e11defbc9e8fc.pdf,https://pncp.gov.br/pncp-api/v1/orgaos/17005653000166/compras/2022/1/arquivos/1,2856_28f630d825139d918d6e11defbc9e8fc.pdf,1,Edital,https://pncp.gov.br/app/editais/17005653000166/2022/1
30166130abe79c2e3998c0879dddf8ee,2021,269,00348003000110-1-000269/2021,348003000110,EMPRESA BRASILEIRA DE PESQUISA AGROPECUARIA,135030,EMBRAPA SUINOS E AVES/CONCORDIA/SC,Federal,Executivo,Concórdia,SC,Dispensa de Licitação,"2021-11-22T07:02:21,479",2021-11-22T08:00,2021-11-25T14:00,False,Termo Referencia DL 112-2021,https://pncp.gov.br/pncp-api/v1/orgaos/00348003000110/compras/2021/269/arquivos/1,Termo Referencia DL 112-2021.pdf,2,Aviso de Contratação Direta,https://pncp.gov.br/app/editais/00348003000110/2021/269
a81a8a1377db7023010c27095e2db3d9,2022,67,00394429000100-1-000067/2022,394429000100,COMANDO DA AERONAUTICA,120625,GRUPAMENTO DE APOIO DO DF,Federal,Executivo,Brasília,DF,Dispensa de Licitação,"2022-02-21T12:16:57,623",2022-02-21T12:16:42,2022-02-24T08:59:59,False,Aviso de Dispensa e Anexos,https://pncp.gov.br/pncp-api/v1/orgaos/00394429000100/compras/2022/67/arquivos/1,Aviso de Dispensa e Anexos.pdf,2,Aviso de Contratação Direta,https://pncp.gov.br/app/editais/00394429000100/2022/67
1328206a6b8901066f0e2a4e5650471b,2021,750,00394452000103-1-000750/2021,394452000103,COMANDO DO EXERCITO,160004,59  BATALHAO DE INFANTARIA MOTORIZADO/AL,Federal,Executivo,Maceió,AL,Dispensa de Licitação,"2021-09-30T07:00:45,787",2021-09-30T08:00,2021-10-05T14:00,False,DISPENSA ELETRONICA 78-2021 N 64106.010427-2021-53,https://pncp.gov.br/pncp-api/v1/orgaos/00394452000103/compras/2021/750/arquivos/1,DISPENSA ELETRONICA 78-2021 N 64106.010427-2021-53.pdf,2,Aviso de Contratação Direta,https://pncp.gov.br/app/editais/00394452000103/2021/750
fe3b0f37c37c0b0fc767294490a7a466,2021,144,01263896000164-1-000144/2021,1263896000164,"MINISTERIO DA CIENCIA, TECNOLOGIA E INOVACOES",240108,INSTIT.NAC.PESQUISAS ESPACIAIS-C.PAULISTA-MCT,Federal,Executivo,Cachoeira Paulista,SP,Dispensa de Licitação,"2021-12-06T07:01:29,729",2021-12-06T08:00,2021-12-09T14:00,False,Edital e Anexos_CD 212-2021,https://pncp.gov.br/pncp-api/v1/orgaos/01263896000164/compras/2021/144/arquivos/1,Edital e Anexos_CD 212-2021.pdf,2,Aviso de Contratação Direta,https://pncp.gov.br/app/editais/01263896000164/2021/144
36ca931dc69704cc5bc5f06ea5c31862,2021,25,00399857000126-1-000025/2021,399857000126,COMPANHIA DE DESENV. DO VALE DO SAO FRANCISCO,195005,CIA DE DESENV. DO V. DO SAO FRANCISCO-M.CLARO,Federal,Executivo,Montes Claros,MG,Dispensa de Licitação,"2021-12-15T07:00:15,155",2021-12-15T08:00,2021-12-20T14:00,False,CI-368-2021 - solicitacao cotacao telefones analogicos,https://pncp.gov.br/pncp-api/v1/orgaos/00399857000126/compras/2021/25/arquivos/1,CI-368-2021 - solicitacao cotacao telefones analogicos.pdf,2,Aviso de Contratação Direta,https://pncp.gov.br/app/editais/00399857000126/2021/25
29b598c07bff2d9d018048a9c1b15a06,2022,2,35834377000120-1-000002/2022,35834377000120,UNIVERSIDADE FEDERAL DE CATALAO,156679,UNIVERSIDADE FEDERAL DE CATALAO,Federal,Executivo,Catalão,GO,Dispensa de Licitação,"2022-02-18T14:50:20,968",2022-02-18T14:50:20,2022-02-25T07:59:59,False,Aviso 082022,https://pncp.gov.br/pncp-api/v1/orgaos/35834377000120/compras/2022/2/arquivos/1,Aviso 082022.pdf,2,Aviso de Contratação Direta,https://pncp.gov.br/app/editais/35834377000120/2022/2
37792fd37c9e02c9eebc2560c4d7be15,2021,2218,00394452000103-1-002218/2021,394452000103,COMANDO DO EXERCITO,160404,4 REGIMENTO DE CARROS DE COMBATE/RS,Federal,Executivo,Rosário do Sul,RS,Dispensa de Licitação,"2021-12-02T07:01:12,835",2021-12-02T08:00,2021-12-07T14:00,False,Aviso Disp 96_2021,https://pncp.gov.br/pncp-api/v1/orgaos/00394452000103/compras/2021/2218/arquivos/1,Aviso Disp 96_2021.pdf,2,Aviso de Contratação Direta,https://pncp.gov.br/app/editais/00394452000103/2021/2218
c02799c7965810d5cabe2d16b05376dc,2021,23,15126437000143-1-000023/2021,15126437000143,EMPRESA BRASILEIRA DE SERVIÇOS HOSPITALARES,155911,HOSPITAL UNIVERSITÁRIO GAFFRÉE E GUINLE,Federal,Executivo,Rio de Janeiro,RJ,Dispensa de Licitação,"2021-08-26T07:00:48,414",2021-08-26T08:00,2021-08-31T16:00,False,SEI_SEDE - 14248813 - Termo de Referencia - TI - SEI,https://pncp.gov.br/pncp-api/v1/orgaos/15126437000143/compras/2021/23/arquivos/1,SEI_SEDE - 14248813 - Termo de Referencia - TI - SEI.pdf,2,Aviso de Contratação Direta,https://pncp.gov.br/app/editais/15126437000143/2021/23
9323ce1f3046b7ff9eeec4421981830e,2021,1282,00394452000103-1-001282/2021,394452000103,COMANDO DO EXERCITO,160004,59  BATALHAO DE INFANTARIA MOTORIZADO/AL,Federal,Executivo,Maceió,AL,Dispensa de Licitação,"2021-10-27T07:02:32,733",2021-10-27T08:00,2021-11-03T14:00,False,Dispensa_Eletronica_92_2021,https://pncp.gov.br/pncp-api/v1/orgaos/00394452000103/compras/2021/1282/arquivos/1,Dispensa_Eletronica_92_2021.pdf,2,Aviso de Contratação Direta,https://pncp.gov.br/app/editais/00394452000103/2021/1282
db81a21120a26e786a3da8fe56cdc4dd,2022,3,00402552000126-1-000003/2022,402552000126,COMISSAO NACIONAL DE ENERGIA NUCLEAR,113201,SAE-CNEN-COMIS.NACIONAL DE ENERGIA NUCLEAR/RJ,Federal,Executivo,Rio de Janeiro,RJ,Dispensa de Licitação,"2022-02-08T09:19:02,416",,,False,SEI_CNEN - 1091726 - Termo de Referencia,https://pncp.gov.br/pncp-api/v1/orgaos/00402552000126/compras/2022/3/arquivos/1,SEI_CNEN - 1091726 - Termo de Referencia.pdf,3,Ato de Contratação Direta,https://pncp.gov.br/app/editais/00402552000126/2022/3
d24eb82ff416b62936a1df1d6bad53ad,2021,28,10764307000112-1-000028/2021,10764307000112,"INSTITUTO FEDERAL DE EDUCACAO, CIENCIA E TECNOLOGIA DA BAHIA",158405,INST.FED.DE EDUC.TEC BAHIA/CAMPUS VALENÇA,Federal,Executivo,Valença,BA,Dispensa de Licitação,"2021-11-04T07:00:35,429",2021-11-04T08:00,2021-11-09T14:00,False,TR Bateria,https://pncp.gov.br/pncp-api/v1/orgaos/10764307000112/compras/2021/28/arquivos/1,TR Bateria.pdf,2,Aviso de Contratação Direta,https://pncp.gov.br/app/editais/10764307000112/2021/28
3099822cd32fc01d1d5c5b31732a59ff,2022,12,04801221000110-1-000012/2022,4801221000110,TRIBUNAL DE CONTAS DO ESTADO DE RONDONIA,925006,TRIBUNAL DE JUSTIÇA DO ESTADO DE RONDÔNIA,Estadual,Legislativo,Porto Velho,RO,Dispensa de Licitação,"2022-01-20T11:41:24,452",2022-01-20T11:41:23,2022-01-25T11:59:59,False,SEI_2539855_Termo_de_Referencia_13,https://pncp.gov.br/pncp-api/v1/orgaos/04801221000110/compras/2022/12/arquivos/1,SEI_2539855_Termo_de_Referencia_13.pdf,2,Aviso de Contratação Direta,https://pncp.gov.br/app/editais/04801221000110/2022/12
fb8143bcf5a8633ef0f5dfbe040d4815,2022,1,45358058000140-1-000001/2022,45358058000140,FUNDACAO UNIVERSIDADE FEDERAL DE SAO CARLOS,154049,FUNDACAO UNIVERSIDADE FEDERAL DE SAO CARLOS,Federal,Executivo,São Carlos,SP,Dispensa de Licitação,"2022-01-19T15:20:45,153",2022-01-19T15:20:44,2022-01-25T07:59:59,False,Aviso Dispensa Eletronica 01-2022,https://pncp.gov.br/pncp-api/v1/orgaos/45358058000140/compras/2022/1/arquivos/1,"Aviso Dispensa Eletronica 01-2022.zip, Autotizaç╞o para Contrataç╞o por  Dispensa Eletrônica.pdf, Aviso de Dispensa Eletrônica 01-2022 e Anexos.pdf",2,Aviso de Contratação Direta,https://pncp.gov.br/app/editais/45358058000140/2022/1
8a5fde470eed3ad90d36300c73ac59bb,2022,62,00394502000144-1-000062/2022,394502000144,COMANDO DA MARINHA,791130,COMANDO 2.ESQ. HELICOPTEROS DE EMP.GERAL,Federal,Executivo,Rio de Janeiro,RJ,Dispensa de Licitação,"2022-02-09T14:31:00,077",2022-02-09T14:30:59,2022-02-14T07:59:59,False,Modelo de Aviso de Dispensa Eletronica 06,https://pncp.gov.br/pncp-api/v1/orgaos/00394502000144/compras/2022/62/arquivos/1,Modelo de Aviso de Dispensa Eletronica 06.pdf,2,Aviso de Contratação Direta,https://pncp.gov.br/app/editais/00394502000144/2022/62
79b7c4fdc63359e3f9fe65cf53dd9961,2021,175,00394502000144-1-000175/2021,394502000144,COMANDO DA MARINHA,781100,COMANDO DO GRUPAMENTO NAVAL DO SUDESTE,Federal,Executivo,Rio de Janeiro,RJ,Dispensa de Licitação,"2021-10-21T07:00:09,525",2021-10-21T08:00,2021-10-26T15:00,False,01 - Aquisicao de Caixa Hot Box,https://pncp.gov.br/pncp-api/v1/orgaos/00394502000144/compras/2021/175/arquivos/1,"01 - Aquisicao de Caixa Hot Box.zip, 3B - Pesquisa de Preços.pdf, 3C - Mapa_de_Riscos - S.docx, 6 - Aviso de Dispensa 012021.docx, 7 - TRS.doc, 8 - Anexo I - Habilitaç╞o.docx, 3 - ETP - Aquisiç╞o Hot Box - S.docx, 3A - Mapa Comparativo de Preços.xlsx",2,Aviso de Contratação Direta,https://pncp.gov.br/app/editais/00394502000144/2021/175
424fb81ab8660382d5dd7e6243cba760,2021,419,00394452000103-1-000419/2021,394452000103,COMANDO DO EXERCITO,160349,COMANDO DA 17 BRIG.DE INFANTARIA DE SELVA/RO,Federal,Executivo,Porto Velho,RO,Dispensa de Licitação,"2021-09-10T07:04:25,277",2021-09-10T08:00,2021-09-15T14:00,False,Dispensa 109 2021 - mesa de campanha,https://pncp.gov.br/pncp-api/v1/orgaos/00394452000103/compras/2021/419/arquivos/1,Dispensa 109 2021 - mesa de campanha.docx,2,Aviso de Contratação Direta,https://pncp.gov.br/app/editais/00394452000103/2021/419
31d9071933815dc70a2cb2717f6192d6,2022,1,00059311000126-1-000001/2022,59311000126,FUNDACAO NACIONAL DO INDIO,194019,COORD.REGIONAL DE MG/ES,Federal,Executivo,Governador Valadares,MG,Dispensa de Licitação,"2022-01-21T11:47:20,791",2022-01-21T11:47:19,2022-01-26T08:59:59,False,Aviso DE n 12022,https://pncp.gov.br/pncp-api/v1/orgaos/00059311000126/compras/2022/1/arquivos/1,Aviso DE n 12022.pdf,2,Aviso de Contratação Direta,https://pncp.gov.br/app/editais/00059311000126/2022/1
8eb1bec1693597ef4042b0f65b3593f9,2021,31,00059311000126-1-000031/2021,59311000126,FUNDACAO NACIONAL DO INDIO,194077,COORDENAÇÃO REGIONAL NORDESTE I,Federal,Executivo,Maceió,AL,Dispensa de Licitação,"2021-12-02T14:13:13,482",2021-12-02T14:13:13,2021-12-02T14:13:13,False,ORCAMENTO Bros (2) - CONVEM,https://pncp.gov.br/pncp-api/v1/orgaos/00059311000126/compras/2021/31/arquivos/1,ORCAMENTO Bros (2) - CONVEM.pdf,2,Aviso de Contratação Direta,https://pncp.gov.br/app/editais/00059311000126/2021/31
8996729b802bc7330010eb55885a0d18,2021,2128,00394452000103-1-002128/2021,394452000103,COMANDO DO EXERCITO,160395,COMANDO DO COMANDO MILITAR DO SUL/RS,Federal,Executivo,Porto Alegre,RS,Dispensa de Licitação,"2021-11-29T14:25:23,176",2021-11-29T14:25:22,2021-11-29T14:25:22,False,,,,2,Aviso de Contratação Direta,https://pncp.gov.br/app/editais/00394452000103/2021/2128
c14405b5ac8992b780d7e739acc5c70c,2021,28,87934675000196-1-000028/2021,87934675000196,ESTADO DO RIO GRANDE DO SUL,988655,PREFEITURA MUNICIPAL DE FARROUPILHA,Estadual,Não se aplica,Farroupilha,RS,Dispensa de Licitação,"2021-11-24T07:00:51,191",2021-11-24T08:00,2021-11-29T14:00,False,25 Luvas e Oculos de Protecao,https://pncp.gov.br/pncp-api/v1/orgaos/87934675000196/compras/2021/28/arquivos/1,25 Luvas e Oculos de Protecao.pdf,2,Aviso de Contratação Direta,https://pncp.gov.br/app/editais/87934675000196/2021/28
a5d8701357dbcdedb4b4521159000ff8,2021,94,00394502000144-1-000094/2021,394502000144,COMANDO DA MARINHA,791609,"PORTA HELICOPTEROS MULTIPROPóSITO""ATLâNTICO""",Federal,Executivo,Rio de Janeiro,RJ,Dispensa de Licitação,"2021-09-29T07:00:09,661",2021-09-29T08:00,2021-10-04T14:00,False,Dispensa Eletronica 012021,https://pncp.gov.br/pncp-api/v1/orgaos/00394502000144/compras/2021/94/arquivos/1,Dispensa Eletronica 012021.pdf,2,Aviso de Contratação Direta,https://pncp.gov.br/app/editais/00394502000144/2021/94
159aaa0e26c24418a3a73ac6da0640d5,2021,3,02030715000112-1-000003/2021,2030715000112,AGENCIA NACIONAL DE TELECOMUNICACOES,413011,ESCRITORIO REGIONAL 10 ANATEL - PA,Federal,Executivo,Belém,PA,Dispensa de Licitação,"2021-09-27T07:00:19,754",2021-09-27T08:00,2021-10-01T14:00,False,SEI_ANATEL - 7233300 - Projeto Basico,https://pncp.gov.br/pncp-api/v1/orgaos/02030715000112/compras/2021/3/arquivos/1,SEI_ANATEL - 7233300 - Projeto Basico.pdf,2,Aviso de Contratação Direta,https://pncp.gov.br/app/editais/02030715000112/2021/3
b0e30803e818febe6ac634e12ea13859,2021,628,00394452000103-1-000628/2021,394452000103,COMANDO DO EXERCITO,160379,9 BATALHAO DE INFANTARIA MOTORIZADO/RS,Federal,Executivo,Pelotas,RS,Dispensa de Licitação,"2021-09-23T07:01:29,597",2021-09-23T08:00,2021-09-28T14:00,False,caibro,https://pncp.gov.br/pncp-api/v1/orgaos/00394452000103/compras/2021/628/arquivos/1,caibro.pdf,2,Aviso de Contratação Direta,https://pncp.gov.br/app/editais/00394452000103/2021/628
04282257f7dd52bf235f38f76ad6e053,2021,530,00394452000103-1-000530/2021,394452000103,COMANDO DO EXERCITO,160384,18 BATALHAO DE INFANTARIA MOTORIZADO/RS,Federal,Executivo,Sapucaia do Sul,RS,Dispensa de Licitação,"2021-09-17T07:01:26,191",2021-09-17T08:00,2021-09-22T14:00,False,EDITAL E TR da dispensa eletronica,https://pncp.gov.br/pncp-api/v1/orgaos/00394452000103/compras/2021/530/arquivos/1,EDITAL E TR da dispensa eletronica.pdf,2,Aviso de Contratação Direta,https://pncp.gov.br/app/editais/00394452000103/2021/530
0be305cf497f187e50cd3fe19032126f,2021,72,00394502000144-1-000072/2021,394502000144,COMANDO DA MARINHA,791170,GRUPO AéREO NAVAL DE MANUTENçãO,Federal,Executivo,São Pedro da Aldeia,RJ,Dispensa de Licitação,"2021-09-17T07:00:27,887",2021-09-17T08:00,2021-09-23T14:00,False,Cotacao 06 material de construcao,https://pncp.gov.br/pncp-api/v1/orgaos/00394502000144/compras/2021/72/arquivos/1,Cotacao 06 material de construcao.pdf,2,Aviso de Contratação Direta,https://pncp.gov.br/app/editais/00394502000144/2021/72
302b85d8cf6a3b3eb0a6b28011d886bd,2021,74,10651417000178-1-000074/2021,10651417000178,"INSTITUTO FEDERAL DE EDUCACAO, CIENCIA E TECNOLOGIA GOIANO",158124,"INST.FED.DE EDUC., CIENCIA E TEC. GOIANO",Federal,Executivo,Goiânia,GO,Dispensa de Licitação,"2021-12-15T12:50:06,417",2021-12-15T12:50:06,2021-12-15T12:50:06,False,,,,2,Aviso de Contratação Direta,https://pncp.gov.br/app/editais/10651417000178/2021/74
944715282caeafe5bf2579f483c335b7,2021,2238,00394452000103-1-002238/2021,394452000103,COMANDO DO EXERCITO,160163,COMANDO DA 8. REGIAO MILITAR,Federal,Executivo,Belém,PA,Dispensa de Licitação,"2021-12-03T07:00:46,965",2021-12-03T08:00,2021-12-08T14:00,False,Dispensa 49_2021,https://pncp.gov.br/pncp-api/v1/orgaos/00394452000103/compras/2021/2238/arquivos/1,Dispensa 49_2021.pdf,2,Aviso de Contratação Direta,https://pncp.gov.br/app/editais/00394452000103/2021/2238
eef53c379586dd7d810293d2ddb203d2,2021,35,01263896000164-1-000035/2021,1263896000164,"MINISTERIO DA CIENCIA, TECNOLOGIA E INOVACOES",240106,INSTIT.NAC.DE PESQ.ESPACIAIS-S.J.CAMPOS - MCT,Federal,Executivo,São José dos Campos,SP,Dispensa de Licitação,"2021-10-27T07:02:41,173",2021-10-27T08:00,2021-11-03T14:00,False,PDFsam_merge,https://pncp.gov.br/pncp-api/v1/orgaos/01263896000164/compras/2021/35/arquivos/1,PDFsam_merge.pdf,2,Aviso de Contratação Direta,https://pncp.gov.br/app/editais/01263896000164/2021/35
e05a68c4d1d6a306e5d8ebd67bdffa93,2021,2469,00394452000103-1-002469/2021,394452000103,COMANDO DO EXERCITO,160379,9 BATALHAO DE INFANTARIA MOTORIZADO/RS,Federal,Executivo,Pelotas,RS,Dispensa de Licitação,"2021-12-22T15:37:13,591",2021-12-22T15:37:13,2021-12-22T15:37:13,False,,,,2,Aviso de Contratação Direta,https://pncp.gov.br/app/editais/00394452000103/2021/2469
837d580f565ad1f6466336590f8f3fd2,2021,1721,00394452000103-1-001721/2021,394452000103,COMANDO DO EXERCITO,160491,COMISSAO REGIONAL DE OBRAS/2,Federal,Executivo,São Paulo,SP,Dispensa de Licitação,"2021-11-16T13:51:44,158",2021-11-16T13:51:43,2021-11-16T13:51:43,False,01_-_Orcamentos_Automotrix_DJM5534_DMN4162_EXW0469_JIL7991 (1),https://pncp.gov.br/pncp-api/v1/orgaos/00394452000103/compras/2021/1721/arquivos/1,01_-_Orcamentos_Automotrix_DJM5534_DMN4162_EXW0469_JIL7991 (1).docx,2,Aviso de Contratação Direta,https://pncp.gov.br/app/editais/00394452000103/2021/1721
482e292b4d1ad17ea49afc0435fd8a2f,2021,397,00394502000144-1-000397/2021,394502000144,COMANDO DA MARINHA,791180,BASE AEREA NAVAL DE SAO PEDRO DA ALDEIA/RJ,Federal,Executivo,São Pedro da Aldeia,RJ,Dispensa de Licitação,"2021-11-24T07:00:32,546",2021-11-24T08:00,2021-11-29T14:00,False,Aviso de Dispensa - 12-2021,https://pncp.gov.br/pncp-api/v1/orgaos/00394502000144/compras/2021/397/arquivos/1,Aviso de Dispensa - 12-2021.pdf,2,Aviso de Contratação Direta,https://pncp.gov.br/app/editais/00394502000144/2021/397
aec972eb4fb315deb8e8571f4be1dacc,2022,359,00394452000103-1-000359/2022,394452000103,COMANDO DO EXERCITO,160360,6 BATALHAO DE COMUNICACAO DIVISIONARIO/RS,Federal,Executivo,Bento Gonçalves,RS,Dispensa de Licitação,"2022-02-22T14:40:19,113",2022-02-22T14:40:17,2022-02-25T07:59:59,False,Edital Disp Eletronica n 15_2022 ass,https://pncp.gov.br/pncp-api/v1/orgaos/00394452000103/compras/2022/359/arquivos/1,Edital Disp Eletronica n 15_2022 ass.pdf,2,Aviso de Contratação Direta,https://pncp.gov.br/app/editais/00394452000103/2022/359
88c8abffba9772867ef54d2b3a809b75,2022,14,00394494000136-1-000014/2022,394494000136,MINISTERIO DA JUSTICA E SEGURANCA PUBLICA,200398,SUPERINTENDENCIA REG.DEP.POLICIA FEDERAL- PE,Federal,Executivo,Recife,PE,Dispensa de Licitação,"2022-01-28T05:02:51,228",2022-01-28T05:02:50,2022-02-03T07:59:59,False,SEI_PF - 21440413 - Aviso de Dispensa Eletronica,https://pncp.gov.br/pncp-api/v1/orgaos/00394494000136/compras/2022/14/arquivos/1,SEI_PF - 21440413 - Aviso de Dispensa Eletronica.pdf,2,Aviso de Contratação Direta,https://pncp.gov.br/app/editais/00394494000136/2022/14
84a6a8637adaaa7451ea051fb1396fac,2021,497,00394502000144-1-000497/2021,394502000144,COMANDO DA MARINHA,791500,COMANDO DA FORCA DE SUBMARINOS,Federal,Executivo,Rio de Janeiro,RJ,Dispensa de Licitação,"2021-12-24T09:07:08,773",2021-12-24T09:07:08,2021-12-24T09:07:08,False,cabos,https://pncp.gov.br/pncp-api/v1/orgaos/00394502000144/compras/2021/497/arquivos/1,"cabos.zip, cabos/, cabos/Cintas e Cabos 1.pdf, cabos/Cintas e Cabos 2.pdf, cabos/Cintas e Cabos 3.pdf, cabos/estudos preliminares.pdf, cabos/Mapa Comparativo para Cintas e Cabos.pdf, cabos/termo de referência.pdf",2,Aviso de Contratação Direta,https://pncp.gov.br/app/editais/00394502000144/2021/497
87d3de550a9ac7608fbf05d85de67080,2022,500,00394452000103-1-000500/2022,394452000103,COMANDO DO EXERCITO,160147,47 BATALHAO E INFANTARIA - MEX/MS,Federal,Executivo,Coxim,MS,Dispensa de Licitação,"2022-03-04T14:54:44,605",2022-03-04T14:54:43,2022-03-10T07:59:59,False,01. Aviso de Dispensa Eletrnica camera de fermentacao de pao,https://pncp.gov.br/pncp-api/v1/orgaos/00394452000103/compras/2022/500/arquivos/1,01. Aviso de Dispensa Eletrnica camera de fermentacao de pao.pdf,2,Aviso de Contratação Direta,https://pncp.gov.br/app/editais/00394452000103/2022/500
96f27c4302ca62008104b0e7d239ff10,2022,18,17217985000104-1-000018/2022,17217985000104,UNIVERSIDADE FEDERAL DE MINAS GERAIS,153291,INSTITUTO DE CIENCIAS BIOLOGICAS/UFMG,Federal,Executivo,Belo Horizonte,MG,Dispensa de Licitação,"2022-02-23T13:55:46,236",,,False,Termo de Referencia - Sensor,https://pncp.gov.br/pncp-api/v1/orgaos/17217985000104/compras/2022/18/arquivos/1,Termo de Referencia - Sensor.pdf,3,Ato de Contratação Direta,https://pncp.gov.br/app/editais/17217985000104/2022/18
fef17d2d6db53b803725c8dda5af890f,2021,207,15126437000143-1-000207/2021,15126437000143,EMPRESA BRASILEIRA DE SERVIÇOS HOSPITALARES,155012,HOSPITAL U. CASSIANO ANTONIO DE MORAIS,Federal,Executivo,Vitória,ES,Dispensa de Licitação,"2021-11-10T07:02:08,871",2021-11-10T08:00,2021-11-16T14:00,False,SEI_SEDE - 17265404 - Termo de Referencia - SEI,https://pncp.gov.br/pncp-api/v1/orgaos/15126437000143/compras/2021/207/arquivos/1,SEI_SEDE - 17265404 - Termo de Referencia - SEI.pdf,2,Aviso de Contratação Direta,https://pncp.gov.br/app/editais/15126437000143/2021/207
52afefd995fe132948aa92842f2b3364,2022,104,00394429000100-1-000104/2022,394429000100,COMANDO DA AERONAUTICA,120039,MAER-GRUPAMENTO DE APOIO/RJ,Federal,Executivo,Rio de Janeiro,RJ,Dispensa de Licitação,"2022-03-10T15:17:32,517",2022-03-10T15:17:31,2022-03-15T08:59:59,False,AvisoDispensaEletronica,https://pncp.gov.br/pncp-api/v1/orgaos/00394429000100/compras/2022/104/arquivos/1,"AvisoDispensaEletronica.zip, Anexo II - PB.pdf, Anexo II.1 - ETP.pdf, Anexo III - Minuta do Contrato.pdf, Anexo IV - Planilha de Custos e Formacao de Precos.pdf, AvisodeDispensaEletrnica.pdf",2,Aviso de Contratação Direta,https://pncp.gov.br/app/editais/00394429000100/2022/104
b29cc90403835dbae4958dd8ab714543,2022,8,10724903000179-1-000008/2022,10724903000179,"INSTITUTO FEDERAL DE EDUCACAO, CIENCIA E TECNOLOGIA BAIANO",154617,INSTITUTO FEDERAL BAIANO - CAMPUS URUÇUCA,Federal,Executivo,Uruçuca,BA,Dispensa de Licitação,"2022-03-11T15:02:54,732",2022-03-11T15:02:52,2022-03-18T07:59:59,False,Aviso de Dispensa Eletronica e TR 04.2022,https://pncp.gov.br/pncp-api/v1/orgaos/10724903000179/compras/2022/8/arquivos/1,Aviso de Dispensa Eletronica e TR 04.2022.pdf,2,Aviso de Contratação Direta,https://pncp.gov.br/app/editais/10724903000179/2022/8
9d934c72db95eb36746b91afb784cf62,2021,10,33781055000135-1-000010/2021,33781055000135,FUNDACAO OSWALDO CRUZ,254434,ESCOLA POLITECNICA DE SAUDE JOAQUIM VENANCIO,Federal,Executivo,Rio de Janeiro,RJ,Dispensa de Licitação,"2021-10-29T11:17:25,588",2021-10-29T11:17:25,2021-10-29T11:17:25,False,Projeto Basico,https://pncp.gov.br/pncp-api/v1/orgaos/33781055000135/compras/2021/10/arquivos/1,Projeto Basico.pdf,2,Aviso de Contratação Direta,https://pncp.gov.br/app/editais/33781055000135/2021/10
3f52006fae01a66d41954956b90bec69,2022,133,00394502000144-1-000133/2022,394502000144,COMANDO DA MARINHA,791100,COMANDO DA FORCA AERONAVAL,Federal,Executivo,São Pedro da Aldeia,RJ,Dispensa de Licitação,"2022-02-17T10:36:56,563",2022-02-17T10:36:56,2022-02-22T07:59:59,False,106 Dispensa Eletronica,https://pncp.gov.br/pncp-api/v1/orgaos/00394502000144/compras/2022/133/arquivos/1,106 Dispensa Eletronica.odt,2,Aviso de Contratação Direta,https://pncp.gov.br/app/editais/00394502000144/2022/133
279f5a3114cf321c20edd3502330a4ec,2021,28,10724903000179-1-000028/2021,10724903000179,"INSTITUTO FEDERAL DE EDUCACAO, CIENCIA E TECNOLOGIA BAIANO",158442,"INST.FED.DE ED.,CIENC.E TEC.BAIANO/C.GUANAMBI",Federal,Executivo,Guanambi,BA,Dispensa de Licitação,"2021-12-27T07:00:17,855",2021-12-27T08:00,2021-12-30T14:00,False,Aviso de Dispensa Eletronica 20 2021,https://pncp.gov.br/pncp-api/v1/orgaos/10724903000179/compras/2021/28/arquivos/1,Aviso de Dispensa Eletronica 20 2021.docx,2,Aviso de Contratação Direta,https://pncp.gov.br/app/editais/10724903000179/2021/28
b7bf85a484d5a32e43d5cc45ace96276,2021,335,15126437000143-1-000335/2021,15126437000143,EMPRESA BRASILEIRA DE SERVIÇOS HOSPITALARES,155126,HOSPITAL UNIV. PROFESSOR ALBERTO ANTUNES,Federal,Executivo,Maceió,AL,Dispensa de Licitação,"2021-12-22T07:00:22,042",2021-12-22T08:00,2021-12-27T17:59,False,PROJETO BASICO,https://pncp.gov.br/pncp-api/v1/orgaos/15126437000143/compras/2021/335/arquivos/1,PROJETO BASICO.pdf,2,Aviso de Contratação Direta,https://pncp.gov.br/app/editais/15126437000143/2021/335
e4af2174a37679301e362d9a76e96638,2021,2180,00394452000103-1-002180/2021,394452000103,COMANDO DO EXERCITO,160395,COMANDO DO COMANDO MILITAR DO SUL/RS,Federal,Executivo,Porto Alegre,RS,Dispensa de Licitação,"2021-11-30T17:38:32,175",2021-11-30T17:38:31,2021-11-30T17:38:31,False,,,,2,Aviso de Contratação Direta,https://pncp.gov.br/app/editais/00394452000103/2021/2180
8f6e67d3e86b22530fc1aa8a41c3acb5,2021,50,00402552000126-1-000050/2021,402552000126,COMISSAO NACIONAL DE ENERGIA NUCLEAR,113201,SAE-CNEN-COMIS.NACIONAL DE ENERGIA NUCLEAR/RJ,Federal,Executivo,Rio de Janeiro,RJ,Dispensa de Licitação,"2021-11-24T07:01:19,943",2021-11-24T08:00,2021-11-29T15:00,False,Aviso de Dispensa_Termo de Referencia,https://pncp.gov.br/pncp-api/v1/orgaos/00402552000126/compras/2021/50/arquivos/1,Aviso de Dispensa_Termo de Referencia.pdf,2,Aviso de Contratação Direta,https://pncp.gov.br/app/editais/00402552000126/2021/50
69de3205ffe8bba80a63acd950f92040,2021,134,15126437000143-1-000134/2021,15126437000143,EMPRESA BRASILEIRA DE SERVIÇOS HOSPITALARES,155904,HOSPITAL DAS CLINICAS DE GOIÁS,Federal,Executivo,Goiânia,GO,Dispensa de Licitação,"2021-10-14T07:01:26,054",2021-10-14T08:00,2021-10-19T14:00,False,TERMO DE REFERENCIA,https://pncp.gov.br/pncp-api/v1/orgaos/15126437000143/compras/2021/134/arquivos/1,TERMO DE REFERENCIA.pdf,2,Aviso de Contratação Direta,https://pncp.gov.br/app/editais/15126437000143/2021/134
d2c7a81ee1e6a4187401d7cb6b6aa645,2022,498,00394452000103-1-000498/2022,394452000103,COMANDO DO EXERCITO,160438,COMANDO 2 BRIGADA DE CAVALARIA MECANIZADA/RS,Federal,Executivo,Uruguaiana,RS,Dispensa de Licitação,"2022-03-04T13:52:00,197",,,False,PDF Scanner 04-03-22 1.40.01,https://pncp.gov.br/pncp-api/v1/orgaos/00394452000103/compras/2022/498/arquivos/1,PDF Scanner 04-03-22 1.40.01.pdf,3,Ato de Contratação Direta,https://pncp.gov.br/app/editais/00394452000103/2022/498
584b382a7b0a8aab3f81516925b4b1f8,2021,15,00396895000125-1-000015/2021,396895000125,"MINISTERIO DA AGRICULTURA, PECUARIA E ABASTECIMENTO",130149,SERVIÇO FLORESTAL BRASILEIRO,Federal,Executivo,Brasília,DF,Dispensa de Licitação,"2021-11-04T07:00:15,399",2021-11-04T08:00,2021-11-09T14:00,False,SEI_MAPA - 17545729 - Termo de Referencia_LPF,https://pncp.gov.br/pncp-api/v1/orgaos/00396895000125/compras/2021/15/arquivos/1,SEI_MAPA - 17545729 - Termo de Referencia_LPF.pdf,2,Aviso de Contratação Direta,https://pncp.gov.br/app/editais/00396895000125/2021/15
d214432b8c2fb15aea6912d8a9c17eb6,2022,222,00394452000103-1-000222/2022,394452000103,COMANDO DO EXERCITO,160384,18 BATALHAO DE INFANTARIA MOTORIZADO/RS,Federal,Executivo,Sapucaia do Sul,RS,Dispensa de Licitação,"2022-02-14T14:25:25,019",2022-02-14T14:25:24,2022-02-18T07:59:59,False,EDITAL E TR da dispensa eletronica material hidraulico,https://pncp.gov.br/pncp-api/v1/orgaos/00394452000103/compras/2022/222/arquivos/1,EDITAL E TR da dispensa eletronica material hidraulico.pdf,2,Aviso de Contratação Direta,https://pncp.gov.br/app/editais/00394452000103/2022/222
adcab53138287fca585b6d2fd023eb80,2021,1916,00394452000103-1-001916/2021,394452000103,COMANDO DO EXERCITO,160349,COMANDO DA 17 BRIG.DE INFANTARIA DE SELVA/RO,Federal,Executivo,Porto Velho,RO,Dispensa de Licitação,"2021-11-23T07:02:09,931",2021-11-23T08:00,2021-11-26T14:00,False,Pesquisa,https://pncp.gov.br/pncp-api/v1/orgaos/00394452000103/compras/2021/1916/arquivos/1,"Pesquisa.zip, Barra Roscada Unc - 1 Metro X 5_16 Polegadas Galvanizada _ MercadoLivre.pdf, Barra Roscadas 3_8 X 1mt _ MercadoLivre.pdf, Broca Chata para Madeira 1_2 Pol. x 150mm.pdf, Broca Chata para Madeira 3_8 Pol. x 150mm.pdf, img001.pdf, img002.pdf, img003.pdf, img004.pdf, img005.pdf",2,Aviso de Contratação Direta,https://pncp.gov.br/app/editais/00394452000103/2021/1916
ea947ce4398616159b4923ef547e0e25,2021,787,00394452000103-1-000787/2021,394452000103,COMANDO DO EXERCITO,160155,2 BATALHAO DE FRONTEIRA,Federal,Executivo,Cáceres,MT,Dispensa de Licitação,"2021-10-01T07:01:35,336",2021-10-01T08:00,2021-10-06T14:00,False,Termo de referencia,https://pncp.gov.br/pncp-api/v1/orgaos/00394452000103/compras/2021/787/arquivos/1,Termo de referencia.pdf,2,Aviso de Contratação Direta,https://pncp.gov.br/app/editais/00394452000103/2021/787
f65bd20af81d622966a18448348a43c4,2022,1,33892175000100-1-000001/2022,33892175000100,INSTITUTO DE PESQUISA ECONOMICA APLICADA,113601,IPEA-INSTIT.DE PESQUISA ECONOMICA APLICADA/DF,Federal,Executivo,Brasília,DF,Dispensa de Licitação,"2022-01-20T12:15:39,932",2022-01-20T12:15:39,2022-01-26T07:59:59,False,AVISO DE DISPENSA 01.22,https://pncp.gov.br/pncp-api/v1/orgaos/33892175000100/compras/2022/1/arquivos/1,AVISO DE DISPENSA 01.22.pdf,2,Aviso de Contratação Direta,https://pncp.gov.br/app/editais/33892175000100/2022/1
0151f311aae61d193167f1057edbe8f8,2021,2343,00394452000103-1-002343/2021,394452000103,COMANDO DO EXERCITO,160520,23 BATALHAO LOGISTICO DE SELVA,Federal,Executivo,Marabá,PA,Dispensa de Licitação,"2021-12-09T08:43:28,307",2021-12-09T08:43:28,2021-12-09T08:43:28,False,,,,2,Aviso de Contratação Direta,https://pncp.gov.br/app/editais/00394452000103/2021/2343
3c8fff4d8fecb50f49452c7ab384d81b,2021,1540,00394452000103-1-001540/2021,394452000103,COMANDO DO EXERCITO,160433,19 BATALHAO DE INFANTARIA MOTORIZADO/RS,Federal,Executivo,São Leopoldo,RS,Dispensa de Licitação,"2021-11-08T07:01:49,752",2021-11-08T08:00,2021-11-11T17:59,False,REQ 31 gabinete odontologico,https://pncp.gov.br/pncp-api/v1/orgaos/00394452000103/compras/2021/1540/arquivos/1,REQ 31 gabinete odontologico.pdf,2,Aviso de Contratação Direta,https://pncp.gov.br/app/editais/00394452000103/2021/1540
d9110d15fa7f72e0f903da8eb176fa48,2022,550,00394452000103-1-000550/2022,394452000103,COMANDO DO EXERCITO,160015,COMANDO 2 GRUPAMENTO ENGENHARIA CNST/MEX/AM,Federal,Executivo,Manaus,AM,Dispensa de Licitação,"2022-03-08T15:32:33,071",2022-03-08T15:32:32,2022-03-14T07:59:59,False,Dispensa 9-2022 - Servico de recarga dos extintores,https://pncp.gov.br/pncp-api/v1/orgaos/00394452000103/compras/2022/550/arquivos/1,Dispensa 9-2022 - Servico de recarga dos extintores.rar,2,Aviso de Contratação Direta,https://pncp.gov.br/app/editais/00394452000103/2022/550
d95f27a3491814f025648d4921d9d765,2021,473,00394502000144-1-000473/2021,394502000144,COMANDO DA MARINHA,781600,ESCOLA DE APRENDIZES-MARINHEIROS DO ES,Federal,Executivo,Vitória,ES,Dispensa de Licitação,"2021-12-08T07:00:10,916",2021-12-08T08:00,2021-12-13T14:00,False,MobiliarioInox,https://pncp.gov.br/pncp-api/v1/orgaos/00394502000144/compras/2021/473/arquivos/1,MobiliarioInox.pdf,2,Aviso de Contratação Direta,https://pncp.gov.br/app/editais/00394502000144/2021/473
124715388aec66fbfaed6c44e7f59f07,2021,1262,00394452000103-1-001262/2021,394452000103,COMANDO DO EXERCITO,160062,CENTRO DE INTELIGENCIA DO EXERCITO/MEX/DF,Federal,Executivo,Brasília,DF,Dispensa de Licitação,"2021-10-27T07:01:00,463",2021-10-27T08:00,2021-11-03T14:00,False,Aviso de Dispensa de Licitacao N 19-2021-CIE,https://pncp.gov.br/pncp-api/v1/orgaos/00394452000103/compras/2021/1262/arquivos/1,Aviso de Dispensa de Licitacao N 19-2021-CIE.pdf,2,Aviso de Contratação Direta,https://pncp.gov.br/app/editais/00394452000103/2021/1262
21cc145e56ac153cb25aa9d1398eba32,2021,106,17217985000104-1-000106/2021,17217985000104,UNIVERSIDADE FEDERAL DE MINAS GERAIS,153279,ESCOLA DE ENFERMAGEM/UFMG,Federal,Executivo,Belo Horizonte,MG,Dispensa de Licitação,"2021-11-09T07:01:33,221",2021-11-09T08:00,2021-11-12T14:00,False,Instrucoes Gerais e Termo de Referencia,https://pncp.gov.br/pncp-api/v1/orgaos/17217985000104/compras/2021/106/arquivos/1,Instrucoes Gerais e Termo de Referencia.pdf,2,Aviso de Contratação Direta,https://pncp.gov.br/app/editais/17217985000104/2021/106
5d2f6bba68ce73ed0807085f88ad27b2,2021,81,00394494000136-1-000081/2021,394494000136,MINISTERIO DA JUSTICA E SEGURANCA PUBLICA,200604,PENITENCIÁRIA FEDERAL EM BRASILIA,Federal,Executivo,Brasília,DF,Dispensa de Licitação,"2021-12-09T07:00:44,842",2021-12-09T08:00,2021-12-14T14:00,False,Aviso de DLE-SISTEMA,https://pncp.gov.br/pncp-api/v1/orgaos/00394494000136/compras/2021/81/arquivos/1,Aviso de DLE-SISTEMA.pdf,2,Aviso de Contratação Direta,https://pncp.gov.br/app/editais/00394494000136/2021/81
0ceeba5c20e13f75c5da17774c085ab7,2022,7,04898488000177-1-000007/2022,4898488000177,AGENCIA NACIONAL DE TRANSPORTES TERRESTRES - ANTT,393038,UNIDADE REGIONAL DO RIO DE JANEIRO,Federal,Executivo,Rio de Janeiro,RJ,Dispensa de Licitação,"2022-02-22T12:31:02,488",2022-02-22T12:31:01,2022-02-25T09:59:59,False,Projeto Basico Simplificado - Lei 8.666_1993 - Barra Mansa,https://pncp.gov.br/pncp-api/v1/orgaos/04898488000177/compras/2022/7/arquivos/1,Projeto Basico Simplificado - Lei 8.666_1993.pdf - Barra Mansa.pdf,2,Aviso de Contratação Direta,https://pncp.gov.br/app/editais/04898488000177/2022/7
d4ff94036d8fd76cd3b2032eb1057a0e,2021,492,00394452000103-1-000492/2021,394452000103,COMANDO DO EXERCITO,160160,51 BATALHAO DE INFANTARIA DE SELVA,Federal,Executivo,Altamira,PA,Dispensa de Licitação,"2021-09-16T07:00:57,150",2021-09-16T08:00,2021-09-22T14:00,False,TR DISPENSA 71 - PNEU,https://pncp.gov.br/pncp-api/v1/orgaos/00394452000103/compras/2021/492/arquivos/1,TR DISPENSA 71 - PNEU.PDF,2,Aviso de Contratação Direta,https://pncp.gov.br/app/editais/00394452000103/2021/492
980f3421d4ae5b55cff537f7479874fc,2021,96,00402552000126-1-000096/2021,402552000126,COMISSAO NACIONAL DE ENERGIA NUCLEAR,113202,COMISSAO NACIONAL DE ENERGIA NUCLEAR,Federal,Executivo,São Paulo,SP,Dispensa de Licitação,"2021-12-10T21:14:11,916",2021-12-10T21:14:11,2021-12-10T21:14:11,False,,,,2,Aviso de Contratação Direta,https://pncp.gov.br/app/editais/00402552000126/2021/96
b41315e8c9149cb53e31d273a7ffd6cc,2021,367,00348003000110-1-000367/2021,348003000110,EMPRESA BRASILEIRA DE PESQUISA AGROPECUARIA,130240,EMBRAPA ALIMENTOS E TERRITORIOS/MACEIO/AL,Federal,Executivo,Maceió,AL,Dispensa de Licitação,"2021-12-07T07:00:54,384",2021-12-07T08:00,2021-12-10T14:00,False,SEI_EMBRAPA - 6294757 - Termo de Referencia,https://pncp.gov.br/pncp-api/v1/orgaos/00348003000110/compras/2021/367/arquivos/1,SEI_EMBRAPA - 6294757 - Termo de Referencia.pdf,2,Aviso de Contratação Direta,https://pncp.gov.br/app/editais/00348003000110/2021/367
117805edf0b053a9874c5b8d27c32fae,2021,2382,00394452000103-1-002382/2021,394452000103,COMANDO DO EXERCITO,160515,COMANDO DA 2ª BRIGADA DE INFANTARIA DE SELVA,Federal,Executivo,São Gabriel da Cachoeira,AM,Dispensa de Licitação,"2021-12-13T07:00:28,674",2021-12-13T08:00,2021-12-16T14:00,False,Documentos Dispensa,https://pncp.gov.br/pncp-api/v1/orgaos/00394452000103/compras/2021/2382/arquivos/1,"Documentos Dispensa.zip, Anexos Dispensa de licitaç╞o.pdf, Aviso Dispensa de Licitaç╞o.pdf",2,Aviso de Contratação Direta,https://pncp.gov.br/app/editais/00394452000103/2021/2382
6cb23eb65b5765d35856e1964c5f7c85,2021,812,00394452000103-1-000812/2021,394452000103,COMANDO DO EXERCITO,160250,1 BATALHAO DE COMUNICACOES DIVISIONARIO/RS,Federal,Executivo,Santo Ângelo,RS,Dispensa de Licitação,"2021-10-04T07:02:20,379",2021-10-04T08:00,2021-10-07T14:00,False,Aviso de dispensa eletronica 149,https://pncp.gov.br/pncp-api/v1/orgaos/00394452000103/compras/2021/812/arquivos/1,Aviso de dispensa eletronica 149.pdf,2,Aviso de Contratação Direta,https://pncp.gov.br/app/editais/00394452000103/2021/812
d9a93b0584f2f8696903621837899efa,2021,9,37115383000153-1-000009/2021,37115383000153,MINISTERIO DE MINAS E ENERGIA,320004,MME-CGC-COORD.GERAL DE RECURSOS LOGISTICOS/DF,Federal,Executivo,Brasília,DF,Dispensa de Licitação,"2021-09-24T07:00:22,006",2021-09-24T08:00,2021-09-30T14:00,False,SEI_MME - 0548544 - Termo de Referencia,https://pncp.gov.br/pncp-api/v1/orgaos/37115383000153/compras/2021/9/arquivos/1,SEI_MME - 0548544 - Termo de Referencia.pdf,2,Aviso de Contratação Direta,https://pncp.gov.br/app/editais/37115383000153/2021/9
e525781fbd6eb144dd6038a49ce699be,2021,348,00394502000144-1-000348/2021,394502000144,COMANDO DA MARINHA,751200,GRUPAMENTO DE NAVIOS HIDROCEANOGRAFICOS,Federal,Executivo,Niterói,RJ,Dispensa de Licitação,"2021-11-17T07:01:45,122",2021-11-17T08:00,2021-11-22T14:00,False,Aviso de Dispensa Eletronica,https://pncp.gov.br/pncp-api/v1/orgaos/00394502000144/compras/2021/348/arquivos/1,"Aviso de Dispensa Eletronica.zip, ANEXO I – DOCUMENTAÇÃO EXIGIDA PARA HABILITAÇÃO.pdf, ANEXO II.1 – Estudo Técnico Preliminar.pdf, ANEXO II - Termo de Referência.pdf, Aviso de Dispensa Eletrônica - Eixo de Manivelas.pdf",2,Aviso de Contratação Direta,https://pncp.gov.br/app/editais/00394502000144/2021/348
be6b10f5d6098c9fa06317f3136c715b,2021,249,00394452000103-1-000249/2021,394452000103,COMANDO DO EXERCITO,160395,COMANDO DO COMANDO MILITAR DO SUL/RS,Federal,Executivo,Porto Alegre,RS,Dispensa de Licitação,"2021-08-30T07:55:38,670",2021-08-30T08:00,2021-09-02T14:00,False,adesivo de vinil,https://pncp.gov.br/pncp-api/v1/orgaos/00394452000103/compras/2021/249/arquivos/1,adesivo de vinil.PDF,2,Aviso de Contratação Direta,https://pncp.gov.br/app/editais/00394452000103/2021/249
9a264aec69de28d453c5ee0897b1a44a,2022,13,06553481000149-1-000013/2022,6553481000149,ESTADO DO PIAUI,980286,PMK CAJAZEIRAS PI,Estadual,Não se aplica,Cajazeiras do Piauí,PI,Dispensa de Licitação,"2022-03-08T12:48:50,173",2022-03-08T12:48:49,2022-03-11T07:59:59,False,EDITAL DE DISPENSA ELETRONICA N 12-2022,https://pncp.gov.br/pncp-api/v1/orgaos/06553481000149/compras/2022/13/arquivos/1,EDITAL DE DISPENSA ELETRONICA N 12-2022.pdf,2,Aviso de Contratação Direta,https://pncp.gov.br/app/editais/06553481000149/2022/13
7a8022b0fd9ba20579ca309e3d253578,2021,1688,00394452000103-1-001688/2021,394452000103,COMANDO DO EXERCITO,160395,COMANDO DO COMANDO MILITAR DO SUL/RS,Federal,Executivo,Porto Alegre,RS,Dispensa de Licitação,"2021-11-12T14:40:27,041",2021-11-12T14:40:26,2021-11-12T14:40:26,False,,,,2,Aviso de Contratação Direta,https://pncp.gov.br/app/editais/00394452000103/2021/1688
c4d1bdec575248274a99e8b1494284b9,2021,390,00394452000103-1-000390/2021,394452000103,COMANDO DO EXERCITO,160018,12. BATALHAO DE SUPRIMENTO/MEX/AM,Federal,Executivo,Manaus,AM,Dispensa de Licitação,"2021-09-09T07:00:52,022",2021-09-09T08:00,2021-09-16T14:00,False,TERMO DE REF FILTRO,https://pncp.gov.br/pncp-api/v1/orgaos/00394452000103/compras/2021/390/arquivos/1,TERMO DE REF FILTRO.pdf,2,Aviso de Contratação Direta,https://pncp.gov.br/app/editais/00394452000103/2021/390
e84a1d9bffb9ca70d114e99c8413db65,2021,1793,00394452000103-1-001793/2021,394452000103,COMANDO DO EXERCITO,160413,COMANDO DA 3ª DIV DO EX - BASE ADM DA GUAR SM,Federal,Executivo,Santa Maria,RS,Dispensa de Licitação,"2021-11-18T07:01:48,777",2021-11-18T08:00,2021-11-23T14:00,False,Termo de referencia (aviso),https://pncp.gov.br/pncp-api/v1/orgaos/00394452000103/compras/2021/1793/arquivos/1,Termo de referencia (aviso).pdf,2,Aviso de Contratação Direta,https://pncp.gov.br/app/editais/00394452000103/2021/1793
09ed2afa97b162480a864f31995511f4,2021,16,04801221000110-1-000016/2021,4801221000110,TRIBUNAL DE CONTAS DO ESTADO DE RONDONIA,925006,TRIBUNAL DE JUSTIÇA DO ESTADO DE RONDÔNIA,Estadual,Legislativo,Porto Velho,RO,Dispensa de Licitação,"2021-09-30T07:00:25,134",2021-09-30T08:00,2021-10-05T14:00,False,SEI_TJRO - 2402764 Termo de Referencia,https://pncp.gov.br/pncp-api/v1/orgaos/04801221000110/compras/2021/16/arquivos/1,SEI_TJRO - 2402764 Termo de Referencia.pdf,2,Aviso de Contratação Direta,https://pncp.gov.br/app/editais/04801221000110/2021/16
fcf416cbe0d9e44b884b2b1b8cac885c,2021,3,27080530000143-1-000003/2021,27080530000143,ESTADO DO ESPIRITO SANTO,925398,TRIBUNAL DE CONTAS DO EST. DO ESPIRITO SANTO,Estadual,Não se aplica,Vitória,ES,Dispensa de Licitação,"2021-11-04T07:00:16,527",2021-11-04T08:00,2021-11-10T14:00,False,TR - 3476-2021 - Seguro Predial - dispensa eletronica,https://pncp.gov.br/pncp-api/v1/orgaos/27080530000143/compras/2021/3/arquivos/1,TR - 3476-2021 - Seguro Predial - dispensa eletronica.docx,2,Aviso de Contratação Direta,https://pncp.gov.br/app/editais/27080530000143/2021/3
88a24a997300d5afb5007af43d1c8911,2021,95,00394460000141-1-000095/2021,394460000141,MINISTERIO DA ECONOMIA,170050,SUPERINTENDÊNCIA DE ADMINISTRAÇÃO DO MF - PB,Federal,Executivo,João Pessoa,PB,Dispensa de Licitação,"2021-11-18T07:00:48,104",2021-11-18T08:00,2021-11-23T14:00,False,Divisorias SPU TR e projeto,https://pncp.gov.br/pncp-api/v1/orgaos/00394460000141/compras/2021/95/arquivos/1,Divisorias SPU TR e projeto.pdf,2,Aviso de Contratação Direta,https://pncp.gov.br/app/editais/00394460000141/2021/95
c738bed26eb2772d471c3194b7f50c28,2022,11,04418115000151-1-000011/2022,4418115000151,CAMARA MUNICIPAL DE SENADOR CANEDO,1,CAMARA MUNICIPAL DE SENADOR CANEDO,Municipal,Legislativo,Senador Canedo,GO,Dispensa de Licitação,"2022-01-20T11:34:21,154",2022-01-03T00:00,2022-01-04T00:00,False,,,,2,Aviso de Contratação Direta,https://pncp.gov.br/app/editais/04418115000151/2022/11
607fe537a59c1e8a115f18005a2e91d9,2021,2035,00394452000103-1-002035/2021,394452000103,COMANDO DO EXERCITO,160083,GRÁFICA DO EXÉRCITO,Federal,Executivo,Brasília,DF,Dispensa de Licitação,"2021-11-26T07:00:30,943",2021-11-26T08:00,2021-12-01T14:00,False,Aviso de Dispensa Eletronica n 11-2021 e Anexos,https://pncp.gov.br/pncp-api/v1/orgaos/00394452000103/compras/2021/2035/arquivos/1,Aviso de Dispensa Eletronica n 11-2021 e Anexos.pdf,2,Aviso de Contratação Direta,https://pncp.gov.br/app/editais/00394452000103/2021/2035
ba1c3206bb49187c0412f2127bd33215,2021,461,00394452000103-1-000461/2021,394452000103,COMANDO DO EXERCITO,160108,12 BATALHAO DE INFANTARIA,Federal,Executivo,Belo Horizonte,MG,Dispensa de Licitação,"2021-09-14T07:01:33,159",2021-09-14T08:00,2021-09-17T16:00,False,DISPENSA ELETRONICA,https://pncp.gov.br/pncp-api/v1/orgaos/00394452000103/compras/2021/461/arquivos/1,DISPENSA ELETRONICA.odt,2,Aviso de Contratação Direta,https://pncp.gov.br/app/editais/00394452000103/2021/461
00312ef70004a0900b909805a97f21ff,2022,316,00394452000103-1-000316/2022,394452000103,COMANDO DO EXERCITO,160045,BASE ADM. GUARNIÇÃO DE FORTALEZA,Federal,Executivo,Fortaleza,CE,Dispensa de Licitação,"2022-02-18T16:05:34,047",2022-02-18T16:05:33,2022-02-23T07:59:59,False,Aviso dispensa eletronica 1_2022 - PASSEx,https://pncp.gov.br/pncp-api/v1/orgaos/00394452000103/compras/2022/316/arquivos/1,Aviso dispensa eletronica 1_2022 - PASSEx.pdf,2,Aviso de Contratação Direta,https://pncp.gov.br/app/editais/00394452000103/2022/316
b22a4e11eac7898c5a13e2554132e681,2021,1,42150664000187-1-000001/2021,42150664000187,"VALEC-ENGENHARIA, CONSTRUCOES E FERROVIAS S/A",275075,"VALEC-ENGENHARIA,CONSTRUCOES E FERROVIAS S/A",Federal,Executivo,Brasília,DF,Dispensa de Licitação,"2021-11-22T07:00:55,954",2021-11-22T08:00,2021-11-29T16:00,False,EDITAL E ANEXOS - AVISO N 23-2021,https://pncp.gov.br/pncp-api/v1/orgaos/42150664000187/compras/2021/1/arquivos/1,"EDITAL E ANEXOS - AVISO N 23-2021.zip, ANEXO I-A_I-B_I-C_I-D_I-E_I-F_I-G - Termo_de_Referencia_AreaTrilhos_rev.02.pdf, ANEXO I-H - Despacho 90-2021-GIMOB2.pdf, ANEXO I-I - PROJETO B╡SICO - CARTA 204.pdf, ANEXO II - MINUTA DE CONTRATO.pdf, EDITAL-AVISO DE DL 23-2021.pdf",2,Aviso de Contratação Direta,https://pncp.gov.br/app/editais/42150664000187/2021/1
0ed4767641380396aff6a251d9d80f13,2021,118,00394429000100-1-000118/2021,394429000100,COMANDO DA AERONAUTICA,120630,BASE AÉREA DE MANAUS,Federal,Executivo,Manaus,AM,Dispensa de Licitação,"2021-10-26T07:00:40,326",2021-10-26T08:00,2021-11-03T16:00,False,Dispensa 23_2021,https://pncp.gov.br/pncp-api/v1/orgaos/00394429000100/compras/2021/118/arquivos/1,"Dispensa 23_2021.zip, Dispensa 23_2021/, Dispensa 23_2021/Aviso DE.pdf, Dispensa 23_2021/Projeto Básico.pdf",2,Aviso de Contratação Direta,https://pncp.gov.br/app/editais/00394429000100/2021/118
62f36ca575156444bfb28649c4a3742e,2022,1,33583550000130-1-000001/2022,33583550000130,CONSELHO FEDERAL DE MEDICINA,389465,CONSELHO REGIONAL DE MEDICINA DO R.G.DO SUL,Federal,Executivo,Porto Alegre,RS,Dispensa de Licitação,"2022-01-04T07:00:04,837",2022-01-04T08:00,2022-01-07T14:00,False,EDITAL DE 01.2022 - deposito,https://pncp.gov.br/pncp-api/v1/orgaos/33583550000130/compras/2022/1/arquivos/1,EDITAL DE 01.2022 - deposito.docx,2,Aviso de Contratação Direta,https://pncp.gov.br/app/editais/33583550000130/2022/1
d95704734c2c52f3fcc90801f3f034aa,2021,220,00394502000144-1-000220/2021,394502000144,COMANDO DA MARINHA,795380,BASE DE FUZILEIROS NAVAIS DA ILHA DAS FLORES,Federal,Executivo,São Gonçalo,RJ,Dispensa de Licitação,"2021-10-29T07:00:54,724",2021-10-29T08:00,2021-11-05T14:00,False,Termo de Referencia Aviso de Dispensa n 45.pdf,https://pncp.gov.br/pncp-api/v1/orgaos/00394502000144/compras/2021/220/arquivos/1,"Termo de Referencia Aviso de Dispensa n 45.pdf.zip, Anexo I do Aviso.pdf, Aviso Dispensa Eletrônica nº 45.pdf, Termo de Referência.pdf",2,Aviso de Contratação Direta,https://pncp.gov.br/app/editais/00394502000144/2021/220
4fa1e3aa7d49802c96ae5599394130c5,2021,213,00394429000100-1-000213/2021,394429000100,COMANDO DA AERONAUTICA,120645,GRUPAMENTO DE APOIO DO GALEÃO,Federal,Executivo,Rio de Janeiro,RJ,Dispensa de Licitação,"2021-11-16T07:02:10,273",2021-11-16T08:00,2021-11-19T14:00,False,DISPENSA 68GAPGL2021,https://pncp.gov.br/pncp-api/v1/orgaos/00394429000100/compras/2021/213/arquivos/1,DISPENSA 68GAPGL2021.pdf,2,Aviso de Contratação Direta,https://pncp.gov.br/app/editais/00394429000100/2021/213
16418b99f65ab781b44e474a69008318,2021,705,00394452000103-1-000705/2021,394452000103,COMANDO DO EXERCITO,160520,23 BATALHAO LOGISTICO DE SELVA,Federal,Executivo,Marabá,PA,Dispensa de Licitação,"2021-09-28T07:01:20,059",2021-09-28T08:00,2021-10-01T14:30,False,Scanned-image_09-27-2021-153154,https://pncp.gov.br/pncp-api/v1/orgaos/00394452000103/compras/2021/705/arquivos/1,Scanned-image_09-27-2021-153154.pdf,2,Aviso de Contratação Direta,https://pncp.gov.br/app/editais/00394452000103/2021/705
fc27cf37be8c12bb28ebdaf62878515e,2022,45,00394452000103-1-000045/2022,394452000103,COMANDO DO EXERCITO,160395,COMANDO DO COMANDO MILITAR DO SUL/RS,Federal,Executivo,Porto Alegre,RS,Dispensa de Licitação,"2022-01-27T09:19:19,064",,,False,PCDP ATUALIZADO - 2022,https://pncp.gov.br/pncp-api/v1/orgaos/00394452000103/compras/2022/45/arquivos/1,PCDP ATUALIZADO - 2022.odt,3,Ato de Contratação Direta,https://pncp.gov.br/app/editais/00394452000103/2022/45
4d7f7c424009ccff9d25a1f21a4f6289,2021,34,00394452000103-1-000034/2021,394452000103,COMANDO DO EXERCITO,160141,COMISSAO DE OBRAS DO 3º GRUPAM.DE ENGENHARIA,Federal,Executivo,Campo Grande,MS,Dispensa de Licitação,"2021-08-17T07:00:19,217",2021-08-17T08:00,2021-08-20T14:00,False,Pesquisa de preco,https://pncp.gov.br/pncp-api/v1/orgaos/00394452000103/compras/2021/34/arquivos/1,Pesquisa de preco.odt,2,Aviso de Contratação Direta,https://pncp.gov.br/app/editais/00394452000103/2021/34
efd0bf0149ba1e9d14036bfe2ebc214f,2022,57,00394429000100-1-000057/2022,394429000100,COMANDO DA AERONAUTICA,120633,GRUPAMENTO DE APOIO DE SÃO PAULO,Federal,Executivo,São Paulo,SP,Dispensa de Licitação,"2022-02-16T09:57:38,494",2022-02-16T09:57:37,2022-02-22T07:59:59,False,DISP 10-22 - PUBLICACAO,https://pncp.gov.br/pncp-api/v1/orgaos/00394429000100/compras/2022/57/arquivos/1,"DISP 10-22 - PUBLICACAO.zip, DISP 10-22 - PUBLICACAO/, DISP 10-22 - PUBLICACAO/AVISO DISPENSA ELETRONICA 010-2022.pdf, DISP 10-22 - PUBLICACAO/TERMO DE REFERENCIA.pdf",2,Aviso de Contratação Direta,https://pncp.gov.br/app/editais/00394429000100/2022/57
cc36ad2800bd1a4457e94469fee5fefc,2022,2,86900545000170-1-000002/2022,86900545000170,AGENCIA ESPACIAL BRASILEIRA - AEB,203001,AGENCIA ESPACIAL BRASILEIRA,Federal,Executivo,Brasília,DF,Dispensa de Licitação,"2022-02-16T14:35:46,970",2022-02-22T10:10:15,2022-02-25T07:59:59,False,Aviso de Dispensa Eletronica n 07-2022,https://pncp.gov.br/pncp-api/v1/orgaos/86900545000170/compras/2022/2/arquivos/1,Aviso de Dispensa Eletronica n 07-2022.pdf,2,Aviso de Contratação Direta,https://pncp.gov.br/app/editais/86900545000170/2022/2
225ab5b7f7287b15c77cd4403fe0341e,2022,7,05296298000142-1-000007/2022,5296298000142,MUNICIPIO DE ICATU,95,Unidade Única,Municipal,Não se aplica,Icatu,MA,Pregão - Eletrônico,"2022-02-08T21:57:33,853",2022-01-25T14:27:55,2022-02-10T08:00,False,2546_fdce4f0eb9a405b42b99caf21a0aa13f.pdf,https://pncp.gov.br/pncp-api/v1/orgaos/05296298000142/compras/2022/7/arquivos/1,2546_fdce4f0eb9a405b42b99caf21a0aa13f.pdf,1,Edital,https://pncp.gov.br/app/editais/05296298000142/2022/7
967965c547802ec39c4f3b067fec6d7a,2021,209,01263896000164-1-000209/2021,1263896000164,"MINISTERIO DA CIENCIA, TECNOLOGIA E INOVACOES",240106,INSTIT.NAC.DE PESQ.ESPACIAIS-S.J.CAMPOS - MCT,Federal,Executivo,São José dos Campos,SP,Dispensa de Licitação,"2021-12-23T07:00:52,031",2021-12-23T08:00,2021-12-28T14:00,False,DIVULG.257.2021,https://pncp.gov.br/pncp-api/v1/orgaos/01263896000164/compras/2021/209/arquivos/1,DIVULG.257.2021.pdf,2,Aviso de Contratação Direta,https://pncp.gov.br/app/editais/01263896000164/2021/209
77815167fb492fa1ec14ae14a089822b,2021,205,00394429000100-1-000205/2021,394429000100,COMANDO DA AERONAUTICA,120016,GRUPAMENTO DE APOIO DE SÃO JOSÉ DOS CAMPOS,Federal,Executivo,São José dos Campos,SP,Dispensa de Licitação,"2021-11-12T07:01:44,244",2021-11-12T08:00,2021-11-18T14:00,False,2872021 - ES-SJ - SERVICO MANUTENCAO DE GERADOR,https://pncp.gov.br/pncp-api/v1/orgaos/00394429000100/compras/2021/205/arquivos/1,"2872021 - ES-SJ - SERVICO MANUTENCAO DE GERADOR.zip, Anexo II - Projeto Básico.pdf, Aviso de Dispensa Eletrônica 2872021 ASSINADO.pdf",2,Aviso de Contratação Direta,https://pncp.gov.br/app/editais/00394429000100/2021/205
5afbc61ec3cabe188ed7d92dd935ff77,2021,70,00394502000144-1-000070/2021,394502000144,COMANDO DA MARINHA,784000,COMANDO DO 4.DISTRITO NAVAL,Federal,Executivo,Belém,PA,Dispensa de Licitação,"2021-09-16T07:00:35,516",2021-09-16T08:00,2021-09-21T14:00,False,Orcamentos,https://pncp.gov.br/pncp-api/v1/orgaos/00394502000144/compras/2021/70/arquivos/1,Orcamentos.pdf,2,Aviso de Contratação Direta,https://pncp.gov.br/app/editais/00394502000144/2021/70
4929d03dc3dab2940391508ccc037d1c,2021,190,00394502000144-1-000190/2021,394502000144,COMANDO DA MARINHA,791100,COMANDO DA FORCA AERONAVAL,Federal,Executivo,São Pedro da Aldeia,RJ,Dispensa de Licitação,"2021-10-22T07:01:30,620",2021-10-22T08:00,2021-10-27T16:00,False,191 dispensa eletronica NOVO,https://pncp.gov.br/pncp-api/v1/orgaos/00394502000144/compras/2021/190/arquivos/1,191 dispensa eletronica NOVO.odt,2,Aviso de Contratação Direta,https://pncp.gov.br/app/editais/00394502000144/2021/190
1343e4de481e73c330502c4363778dac,2021,282,00394452000103-1-000282/2021,394452000103,COMANDO DO EXERCITO,160480,5 CIRCUNSCRICAO DE SERVICO MILITAR,Federal,Executivo,Ribeirão Preto,SP,Dispensa de Licitação,"2021-08-31T07:41:54,875",2021-08-31T08:00,2021-09-03T14:00,False,TERMO DE REFERENCIA DISP ELET 99 - AP E UTENS DOM,https://pncp.gov.br/pncp-api/v1/orgaos/00394452000103/compras/2021/282/arquivos/1,TERMO DE REFERENCIA DISP ELET 99 - AP E UTENS DOM.pdf,2,Aviso de Contratação Direta,https://pncp.gov.br/app/editais/00394452000103/2021/282
037029ee5f6b6f61417dcc14ec0e0198,2021,4,10728444000100-1-000004/2021,10728444000100,"INSTITUTO FEDERAL DE EDUCACAO, CIENCIA E TECNOLOGIA DE SERGIPE",158134,"INST.FED.DE EDUC.,CIENC.E TEC.DE SERGIPE",Federal,Executivo,Aracaju,SE,Dispensa de Licitação,"2021-10-21T07:00:22,767",2021-10-21T08:00,2021-10-26T14:00,False,Aviso de Dispensa Eletronica n 08_2021,https://pncp.gov.br/pncp-api/v1/orgaos/10728444000100/compras/2021/4/arquivos/1,Aviso de Dispensa Eletronica n 08_2021.pdf,2,Aviso de Contratação Direta,https://pncp.gov.br/app/editais/10728444000100/2021/4
101aa1360b165bee4fc854c4740ab384,2021,1979,00394452000103-1-001979/2021,394452000103,COMANDO DO EXERCITO,160223,HOSPITAL GERAL DE CURITIBA,Federal,Executivo,Curitiba,PR,Dispensa de Licitação,"2021-11-25T07:00:55,682",2021-11-25T08:00,2021-12-06T14:00,False,1._Requisicao_relogio,https://pncp.gov.br/pncp-api/v1/orgaos/00394452000103/compras/2021/1979/arquivos/1,1._Requisicao_relogio.docx,2,Aviso de Contratação Direta,https://pncp.gov.br/app/editais/00394452000103/2021/1979
247ae0081d518c74c93f1bb1e5e66bcd,2021,1,32479123000143-1-000001/2021,32479123000143,UNIVERSIDADE FEDERAL DO ESPIRITO SANTO,153050,CENTRO DE CIÊNCIAS AGRÁRIAS DA UFES,Federal,Executivo,Alegre,ES,Dispensa de Licitação,"2021-11-18T22:19:41,335",2021-11-18T22:19:41,2021-11-18T22:19:41,False,,,,2,Aviso de Contratação Direta,https://pncp.gov.br/app/editais/32479123000143/2021/1
bffd98d2c6e32757417cc6a960c6da5d,2021,27,00394502000144-1-000027/2021,394502000144,COMANDO DA MARINHA,782025,NAVIO PATRULHA GRAVATAÍ,Federal,Executivo,Salvador,BA,Dispensa de Licitação,"2021-08-20T07:00:31,128",2021-08-20T08:00,2021-08-25T14:01,False,ORCAMENTO bico bosch  DLLZ 152 S 1247,https://pncp.gov.br/pncp-api/v1/orgaos/00394502000144/compras/2021/27/arquivos/1,ORCAMENTO bico bosch  DLLZ 152 S 1247.odt,2,Aviso de Contratação Direta,https://pncp.gov.br/app/editais/00394502000144/2021/27
e94321618519701845d7e145d0f373ac,2021,220,00394429000100-1-000220/2021,394429000100,COMANDO DA AERONAUTICA,120006,MAER-GAPBR-GRUPAMENTO DE APOIO DE BRASILIA/DF,Federal,Executivo,Brasília,DF,Dispensa de Licitação,"2021-11-16T07:02:22,480",2021-11-16T08:00,2021-11-19T14:00,False,AVISO DE DISPENSA ELETRONICA N 83-21,https://pncp.gov.br/pncp-api/v1/orgaos/00394429000100/compras/2021/220/arquivos/1,AVISO DE DISPENSA ELETRONICA N 83-21.pdf,2,Aviso de Contratação Direta,https://pncp.gov.br/app/editais/00394429000100/2021/220
e162694bb75014c62d4bb31bb6c644e3,2021,2,14855787000188-1-000002/2021,14855787000188,CONSELHO REGIONAL DE MEDICINA DO ESTADO DA BAHIA,389168,CONSELHO REGIONAL DE MEDICINA ESTADO DA BAHIA,Federal,Executivo,Salvador,BA,Dispensa de Licitação,"2021-09-08T07:00:17,044",2021-09-08T08:00,2021-09-13T14:00,False,DOD e Justificativas - AQUISICAO DE PAPEL TOALHA,https://pncp.gov.br/pncp-api/v1/orgaos/14855787000188/compras/2021/2/arquivos/1,DOD e Justificativas - AQUISICAO DE PAPEL TOALHA.pdf,2,Aviso de Contratação Direta,https://pncp.gov.br/app/editais/14855787000188/2021/2
93c08bb051c9d6e1d809b24d0aaa13e1,2021,8,00394429000100-1-000008/2021,394429000100,COMANDO DA AERONAUTICA,120014,BASE AEREA DE FORTALEZA/MAER - CE,Federal,Executivo,Fortaleza,CE,Dispensa de Licitação,"2021-09-13T07:01:14,608",2021-09-13T08:00,2021-09-16T14:00,False,PROJETO BASICO ALCOOL GEL,https://pncp.gov.br/pncp-api/v1/orgaos/00394429000100/compras/2021/8/arquivos/1,PROJETO BASICO ALCOOL GEL.pdf,2,Aviso de Contratação Direta,https://pncp.gov.br/app/editais/00394429000100/2021/8
a6452dd1a0b17249f1d4e353da787db9,2021,162,00394460000141-1-000162/2021,394460000141,MINISTERIO DA ECONOMIA,170085,SUPERINTENDÊNCIA DE ADMINISTRAÇÃO DO MF - MG,Federal,Executivo,Belo Horizonte,MG,Dispensa de Licitação,"2021-12-06T13:19:00,781",2021-12-06T13:19,2021-12-06T13:19,False,,,,2,Aviso de Contratação Direta,https://pncp.gov.br/app/editais/00394460000141/2021/162
ef66adef146045f1cb8ef6278d1f821d,2021,51,00394544000185-1-000051/2021,394544000185,MINISTERIO DA SAUDE,250042,HOSPITAL GERAL DE BONSUCESSO,Federal,Executivo,Rio de Janeiro,RJ,Dispensa de Licitação,"2021-11-19T07:01:35,921",2021-11-19T08:00,2021-11-24T14:00,False,requisicao- prolocaina,https://pncp.gov.br/pncp-api/v1/orgaos/00394544000185/compras/2021/51/arquivos/1,requisicao- prolocaina.pdf,2,Aviso de Contratação Direta,https://pncp.gov.br/app/editais/00394544000185/2021/51
ad2fe2dcd2da86246da0b21996266d10,2022,191,00394452000103-1-000191/2022,394452000103,COMANDO DO EXERCITO,160422,COMANDO 1 BRIGADA DE CAVALARIA MECANIZADA/RS,Federal,Executivo,Santiago,RS,Dispensa de Licitação,"2022-02-10T11:49:42,605",2022-02-10T11:49:41,2022-02-15T10:59:59,False,TERMO DE REFERENCIA,https://pncp.gov.br/pncp-api/v1/orgaos/00394452000103/compras/2022/191/arquivos/1,TERMO DE REFERENCIA.pdf,2,Aviso de Contratação Direta,https://pncp.gov.br/app/editais/00394452000103/2022/191
878f304c3176300e9d0d80f8121dd448,2022,11,00394460000141-1-000011/2022,394460000141,MINISTERIO DA ECONOMIA,170201,DELEGACIA DA REC.FEDERAL EM PORTO VELHO/RO,Federal,Executivo,Porto Velho,RO,Dispensa de Licitação,"2022-01-18T16:12:13,004",2022-01-18T16:12:11,2022-01-21T07:59:59,False,Termo de Referencia - Mascara e alcool gel,https://pncp.gov.br/pncp-api/v1/orgaos/00394460000141/compras/2022/11/arquivos/1,Termo de Referencia - Mascara e alcool gel.doc,2,Aviso de Contratação Direta,https://pncp.gov.br/app/editais/00394460000141/2022/11
5ac995f3c8ec99a470089f9dabb68850,2021,1218,00394452000103-1-001218/2021,394452000103,COMANDO DO EXERCITO,160123,14 GRUPO DE ARTILHARIA DE CAMPANHA,Federal,Executivo,Pouso Alegre,MG,Dispensa de Licitação,"2021-10-25T07:02:40,689",2021-10-25T08:00,2021-10-28T14:00,False,3. TERMO DE REFERENCIA ODONTO,https://pncp.gov.br/pncp-api/v1/orgaos/00394452000103/compras/2021/1218/arquivos/1,3. TERMO DE REFERENCIA ODONTO.odt,2,Aviso de Contratação Direta,https://pncp.gov.br/app/editais/00394452000103/2021/1218
b8fd500cc4d8c12a6d0d2a6e378c3e12,2022,27,04801221000110-1-000027/2022,4801221000110,TRIBUNAL DE CONTAS DO ESTADO DE RONDONIA,925006,TRIBUNAL DE JUSTIÇA DO ESTADO DE RONDÔNIA,Estadual,Legislativo,Porto Velho,RO,Dispensa de Licitação,"2022-02-03T14:56:53,586",2022-02-03T14:56:53,2022-02-08T11:59:59,False,Termo de Referencia,https://pncp.gov.br/pncp-api/v1/orgaos/04801221000110/compras/2022/27/arquivos/1,Termo de Referencia.pdf,2,Aviso de Contratação Direta,https://pncp.gov.br/app/editais/04801221000110/2022/27
b67cdc77270a993e5d1a5c9dd6779a63,2022,9,08761124000100-1-000009/2022,8761124000100,ESTADO DA PARAIBA,982015,PREFEITURA MUNICIPAL DE DONA INÊS/PB,Estadual,Não se aplica,Dona Inês,PB,Dispensa de Licitação,"2022-02-17T16:18:43,208",2022-02-17T16:18:42,2022-02-22T07:59:59,False,Projeto Basico - Pedreiro,https://pncp.gov.br/pncp-api/v1/orgaos/08761124000100/compras/2022/9/arquivos/1,Projeto Basico - Pedreiro.pdf,2,Aviso de Contratação Direta,https://pncp.gov.br/app/editais/08761124000100/2022/9
a0ffd7f85df0d71f9b5cd074271d6672,2021,303,15126437000143-1-000303/2021,15126437000143,EMPRESA BRASILEIRA DE SERVIÇOS HOSPITALARES,155900,HOSPITAL UNIVERSITARIO DE SÃO CARLOS,Federal,Executivo,São Carlos,SP,Dispensa de Licitação,"2021-12-09T07:00:37,397",2021-12-09T08:00,2021-12-14T14:00,False,SEI_SEDE - 17973631 - Termo de Referencia - SEI,https://pncp.gov.br/pncp-api/v1/orgaos/15126437000143/compras/2021/303/arquivos/1,SEI_SEDE - 17973631 - Termo de Referencia - SEI.pdf,2,Aviso de Contratação Direta,https://pncp.gov.br/app/editais/15126437000143/2021/303
8a69248d7ef882c7c8f87b066e365e6f,2021,41,03277610000125-1-000041/2021,3277610000125,MINISTERIO DA DEFESA,110794,UNIDADE GESTORA EXECUTORA OPERAÇÃO ACOLHIDA,Federal,Executivo,Manaus,AM,Dispensa de Licitação,"2021-12-24T07:00:33,392",2021-12-24T08:00,2021-12-29T14:00,False,DISP LICIT 412021,https://pncp.gov.br/pncp-api/v1/orgaos/03277610000125/compras/2021/41/arquivos/1,DISP LICIT 412021.rar,2,Aviso de Contratação Direta,https://pncp.gov.br/app/editais/03277610000125/2021/41
7e9b8a79202fc04e3b522dc079d2e8cb,2021,2065,00394452000103-1-002065/2021,394452000103,COMANDO DO EXERCITO,160026,COMANDO DA 22ª BRIGADA DE INFANTARIA DE SELVA,Federal,Executivo,Macapá,AP,Dispensa de Licitação,"2021-11-26T07:01:50,342",2021-11-26T08:00,2021-12-01T14:00,False,Dispensa Eletronica OLEO NAUTICO 116_2021,https://pncp.gov.br/pncp-api/v1/orgaos/00394452000103/compras/2021/2065/arquivos/1,Dispensa Eletronica OLEO NAUTICO 116_2021.docx,2,Aviso de Contratação Direta,https://pncp.gov.br/app/editais/00394452000103/2021/2065
aa0a2dce81d786070dfe5e1cebe72d46,2022,526,00394452000103-1-000526/2022,394452000103,COMANDO DO EXERCITO,160123,14 GRUPO DE ARTILHARIA DE CAMPANHA,Federal,Executivo,Pouso Alegre,MG,Dispensa de Licitação,"2022-03-07T16:20:41,639",2022-03-07T16:20:40,2022-03-10T09:59:59,False,Aviso de Dispensa Eletronica 13-2022,https://pncp.gov.br/pncp-api/v1/orgaos/00394452000103/compras/2022/526/arquivos/1,Aviso de Dispensa Eletronica 13-2022.pdf,2,Aviso de Contratação Direta,https://pncp.gov.br/app/editais/00394452000103/2022/526
1dc83c56432461a2f42b6a248d5ec426,2021,1410,00394452000103-1-001410/2021,394452000103,COMANDO DO EXERCITO,160072,11. DEPOSITO DE SUPRIMENTOS-MEX/DF,Federal,Executivo,Brasília,DF,Dispensa de Licitação,"2021-11-03T07:01:08,059",2021-11-03T08:00,2021-11-05T14:00,False,botosso,https://pncp.gov.br/pncp-api/v1/orgaos/00394452000103/compras/2021/1410/arquivos/1,botosso.pdf,2,Aviso de Contratação Direta,https://pncp.gov.br/app/editais/00394452000103/2021/1410
fc063afcb412bec2d53be0e9e8f37b33,2021,5,00394452000103-1-000005/2021,394452000103,COMANDO DO EXERCITO,160378,16º ESQUADRAO DE CAVALARIA MECANIZADO/PR,Federal,Executivo,Francisco Beltrão,PR,Dispensa de Licitação,"2021-08-11T07:00:40,141",2021-08-11T08:00,2021-08-16T14:00,False,SCAN0002,https://pncp.gov.br/pncp-api/v1/orgaos/00394452000103/compras/2021/5/arquivos/1,SCAN0002.PDF,2,Aviso de Contratação Direta,https://pncp.gov.br/app/editais/00394452000103/2021/5
24d60f86d79f8f0250038094e8fa5c3e,2022,179,00394452000103-1-000179/2022,394452000103,COMANDO DO EXERCITO,160068,DEPARTAMENTO DE EDUCACAO E CULTURA EXERCITO,Federal,Executivo,Rio de Janeiro,RJ,Dispensa de Licitação,"2022-02-09T14:27:04,257",,,False,Proposta de bandeiras Big Band,https://pncp.gov.br/pncp-api/v1/orgaos/00394452000103/compras/2022/179/arquivos/1,Proposta de bandeiras Big Band.PDF,3,Ato de Contratação Direta,https://pncp.gov.br/app/editais/00394452000103/2022/179
